{"0":{"0":{"iterations":[0,1,2,3,4,5,6,7,8,9,10,11,12,13,14,15,16,17,18,19,20,21,22,23,24,25,26,27,28,29,30,31,32,33,34,35,36,37,38,39,40,41,42,43,44,45,46,47,48,49,50],"test_accuracies":[0.58868,0.50788,0.5388,0.504,0.52756,0.53728,0.62328,0.57548,0.60016,0.56992,0.6548,0.5712,0.52756,0.57308,0.54108,0.68204,0.67592,0.63612,0.56244,0.58468,0.63176,0.52364,0.56888,0.66644,0.54964,0.69732,0.58208,0.71516,0.73216,0.73036,0.6802,0.65644,0.54464,0.58452,0.50028,0.61704,0.7338,0.70876,0.73332,0.57148,0.539,0.54152,0.52452,0.51788,0.54764,0.73664,0.5,0.70456,0.662,0.7382,0.73552],"train_accuracies":[0.95,0.9,0.9166666667,0.825,0.92,0.9083333333,0.95,0.95,0.9777777778,0.99,0.9727272727,0.9541666667,0.9230769231,0.9821428571,0.9333333333,0.990625,0.9647058824,0.9805555556,0.9473684211,0.97,0.9666666667,0.9363636364,0.9695652174,0.9791666667,0.96,0.9923076923,0.9555555556,0.9857142857,0.9982758621,0.995,0.9774193548,0.9921875,0.9393939394,0.975,0.93,0.9763888889,0.9824324324,0.9894736842,0.9961538462,0.9625,0.9756097561,0.9476190476,0.9639534884,0.9465909091,0.9511111111,0.9826086957,0.9382978723,0.9770833333,0.9632653061,0.986,0.9715686275],"kappa_average_conservative_history":[false,false,false,false,false,false,false,false,false,false,false,false,false,false,false,false,false,false,false,false,false,false,false,false,false,false,false,false,false,false,false,false,false,false,false,false,false,false,false,false,false,false,false,false,false,false,false,false,false,false],"kappa_average_middle_ground_history":[false,false,false,false,false,false,false,false,false,false,false,false,false,false,false,false,false,false,false,false,false,false,false,false,false,false,false,false,false,false,false,false,false,false,false,false,false,false,false,false,false,false,false,false,false,false,false,false,false,false],"kappa_average_aggressive_history":[false,false,false,false,false,false,false,false,false,false,false,false,false,false,false,false,false,false,false,false,false,false,false,false,false,false,false,false,false,false,false,false,false,false,false,false,false,false,false,false,false,false,false,false,false,false,false,false,false,false],"delta_f_score_conservative_history":[false,false,false,false,false,false,false,false,false,false,false,false,false,false,false,false,false,false,false,false,false,false,false,false,false,false,false,false,false,false,false,false,false,false,false,false,false,false,false,false,false,false,false,false,false,false,false,false,false,false],"delta_f_score_middle_ground_history":[false,false,false,false,false,false,false,false,false,false,false,false,false,false,false,false,false,false,false,false,false,false,false,false,false,false,false,false,false,false,false,false,false,false,false,false,false,false,false,false,false,false,false,false,false,false,false,false,false,false],"delta_f_score_aggressive_history":[false,false,false,false,false,false,false,false,false,false,false,false,false,false,false,false,false,false,false,false,false,false,false,false,false,false,false,false,false,false,false,false,false,false,false,false,false,false,false,false,false,false,false,false,false,false,false,false,false,false],"classification_change_conservative_history":[false,false,false,false,false,false,false,false,false,false,false,false,false,false,false,false,false,false,false,false,false,false,false,false,false,false,false,false,false,false,false,false,false,false,false,false,false,false,false,false,false,false,false,false,false,false,false,false,false,false],"classification_change_middle_ground_history":[false,false,false,false,false,false,false,false,false,false,false,false,false,false,false,false,false,false,false,false,false,false,false,false,false,false,false,false,false,false,false,false,false,false,false,false,false,false,false,false,false,false,false,false,false,false,false,false,false,false],"classification_change_aggressive_history":[false,false,false,false,false,false,false,false,false,false,false,false,false,false,false,false,false,false,false,false,false,false,false,false,false,false,false,false,false,false,false,false,false,false,false,false,false,false,false,false,false,false,false,true,false,false,false,false,false,false],"samples_count":[20]},"1":"AverageAcrossAugmentedQueryStrategy_BreakingTies()_50_queries_num_samples_20_num_augmentations_5"}}