{"0":{"0":{"iterations":[0,1,2,3,4,5,6,7,8,9,10,11,12,13,14,15,16,17,18,19,20,21,22,23,24,25,26,27,28,29,30,31,32,33,34,35,36,37,38,39,40,41,42,43,44,45,46,47,48,49,50],"test_accuracies":[0.58868,0.50788,0.5388,0.504,0.52756,0.53728,0.62328,0.57548,0.60016,0.56992,0.6548,0.5712,0.52756,0.57308,0.54108,0.68204,0.67592,0.63612,0.56244,0.58468,0.63176,0.52364,0.56888,0.66644,0.54964,0.69732,0.58208,0.71516,0.73216,0.73036,0.6802,0.65644,0.54464,0.58452,0.50028,0.61704,0.7338,0.70876,0.73332,0.57148,0.539,0.54152,0.52452,0.51788,0.54764,0.73664,0.5,0.70456,0.662,0.7382,0.73552],"train_accuracies":[0.95,0.9,0.9166666667,0.825,0.92,0.9083333333,0.95,0.95,0.9777777778,0.99,0.9727272727,0.9541666667,0.9230769231,0.9821428571,0.9333333333,0.990625,0.9647058824,0.9805555556,0.9473684211,0.97,0.9666666667,0.9363636364,0.9695652174,0.9791666667,0.96,0.9923076923,0.9555555556,0.9857142857,0.9982758621,0.995,0.9774193548,0.9921875,0.9393939394,0.975,0.93,0.9763888889,0.9824324324,0.9894736842,0.9961538462,0.9625,0.9756097561,0.9476190476,0.9639534884,0.9465909091,0.9511111111,0.9826086957,0.9382978723,0.9770833333,0.9632653061,0.986,0.9715686275],"kappa_average_conservative_history":[false,false,false,false,false,false,false,false,false,false,false,false,false,false,false,false,false,false,false,false,false,false,false,false,false,false,false,false,false,false,false,false,false,false,false,false,false,false,false,false,false,false,false,false,false,false,false,false,false,false],"kappa_average_middle_ground_history":[false,false,false,false,false,false,false,false,false,false,false,false,false,false,false,false,false,false,false,false,false,false,false,false,false,false,false,false,false,false,false,false,false,false,false,false,false,false,false,false,false,false,false,false,false,false,false,false,false,false],"kappa_average_aggressive_history":[false,false,false,false,false,false,false,false,false,false,false,false,false,false,false,false,false,false,false,false,false,false,false,false,false,false,false,false,false,false,false,false,false,false,false,false,false,false,false,false,false,false,false,false,false,false,false,false,false,false],"delta_f_score_conservative_history":[false,false,false,false,false,false,false,false,false,false,false,false,false,false,false,false,false,false,false,false,false,false,false,false,false,false,false,false,false,false,false,false,false,false,false,false,false,false,false,false,false,false,false,false,false,false,false,false,false,false],"delta_f_score_middle_ground_history":[false,false,false,false,false,false,false,false,false,false,false,false,false,false,false,false,false,false,false,false,false,false,false,false,false,false,false,false,false,false,false,false,false,false,false,false,false,false,false,false,false,false,false,false,false,false,false,false,false,false],"delta_f_score_aggressive_history":[false,false,false,false,false,false,false,false,false,false,false,false,false,false,false,false,false,false,false,false,false,false,false,false,false,false,false,false,false,false,false,false,false,false,false,false,false,false,false,false,false,false,false,false,false,false,false,false,false,false],"classification_change_conservative_history":[false,false,false,false,false,false,false,false,false,false,false,false,false,false,false,false,false,false,false,false,false,false,false,false,false,false,false,false,false,false,false,false,false,false,false,false,false,false,false,false,false,false,false,false,false,false,false,false,false,false],"classification_change_middle_ground_history":[false,false,false,false,false,false,false,false,false,false,false,false,false,false,false,false,false,false,false,false,false,false,false,false,false,false,false,false,false,false,false,false,false,false,false,false,false,false,false,false,false,false,false,false,false,false,false,false,false,false],"classification_change_aggressive_history":[false,false,false,false,false,false,false,false,false,false,false,false,false,false,false,false,false,false,false,false,false,false,false,false,false,false,false,false,false,false,false,false,false,false,false,false,false,false,false,false,false,false,false,true,false,false,false,false,false,false],"samples_count":[20]},"1":"AverageAcrossAugmentedQueryStrategy_BreakingTies()_50_queries_num_samples_20_num_augmentations_5"},"1":{"0":{"iterations":[0,1,2,3,4,5,6,7,8,9,10,11,12,13,14,15,16,17,18,19,20,21,22,23,24,25,26,27,28,29,30,31,32,33,34,35,36,37,38,39,40,41,42,43,44,45,46,47,48,49,50],"test_accuracies":[0.50252,0.53092,0.51812,0.53672,0.54376,0.56036,0.53132,0.5564,0.59064,0.59052,0.56264,0.54344,0.50292,0.59748,0.63044,0.61772,0.608,0.60888,0.70372,0.59312,0.69868,0.6734,0.49996,0.61048,0.5,0.68676,0.61696,0.61992,0.62824,0.5,0.7014,0.6744,0.60992,0.50472,0.70424,0.65868,0.64128,0.69212,0.50988,0.62904,0.67908,0.71272,0.49976,0.73344,0.6926,0.51488,0.51432,0.70028,0.61216,0.60388,0.5978],"train_accuracies":[0.6,0.775,0.9666666667,0.9625,0.86,0.9083333333,0.8071428571,0.9375,0.9777777778,0.94,0.9772727273,0.8666666667,0.8538461538,0.9392857143,0.9833333333,0.978125,0.9058823529,0.9611111111,0.9605263158,0.9175,0.9738095238,0.9636363636,0.8673913043,0.95625,0.866,0.9711538462,0.9518518519,0.9428571429,0.9620689655,0.8833333333,0.9741935484,0.9671875,0.9651515152,0.9264705882,0.9514285714,0.9763888889,0.9621621622,0.9684210526,0.9051282051,0.96,0.9719512195,0.9678571429,0.9069767442,0.9806818182,0.9711111111,0.9413043478,0.9329787234,0.9489583333,0.962244898,0.964,0.9598039216],"kappa_average_conservative_history":[false,false,false,false,false,false,false,false,false,false,false,false,false,false,false,false,false,false,false,false,false,false,false,false,false,false,false,false,false,false,false,false,false,false,false,false,false,false,false,false,false,false,false,false,false,false,false,false,false,false],"kappa_average_middle_ground_history":[false,false,false,false,false,false,false,false,false,false,false,false,false,false,false,false,false,false,false,false,false,false,false,false,false,false,false,false,false,false,false,false,false,false,false,false,false,false,false,false,false,false,false,false,false,false,false,false,false,false],"kappa_average_aggressive_history":[false,false,false,false,false,false,false,false,false,false,false,false,false,false,false,false,false,false,false,false,false,false,false,false,false,false,false,false,false,false,false,false,false,false,false,false,false,false,false,false,false,false,false,false,false,false,false,false,false,false],"delta_f_score_conservative_history":[false,false,false,false,false,false,false,false,false,false,false,false,false,false,false,false,false,false,false,false,false,false,false,false,false,false,false,false,false,false,false,false,false,false,false,false,false,false,false,false,false,false,false,false,false,false,false,false,false,false],"delta_f_score_middle_ground_history":[false,false,false,false,false,false,false,false,false,false,false,false,false,false,false,false,false,false,false,false,false,false,false,false,false,false,false,false,false,false,false,false,false,false,false,false,false,false,false,false,false,false,false,false,false,false,false,false,false,false],"delta_f_score_aggressive_history":[false,false,false,false,false,false,false,false,false,false,false,false,false,false,false,false,false,false,false,false,false,false,false,false,false,false,false,false,false,false,false,false,false,false,false,false,false,false,false,false,false,false,false,false,false,false,false,false,false,false],"classification_change_conservative_history":[false,false,false,false,false,false,false,false,false,false,false,false,false,false,false,false,false,false,false,false,false,false,false,false,false,false,false,false,false,false,false,false,false,false,false,false,false,false,false,false,false,false,false,false,false,false,false,false,false,false],