{"iterations":{"0":0,"1":1,"2":2,"3":3,"4":4,"5":5,"6":6,"7":7,"8":8,"9":9,"10":10,"11":11,"12":12,"13":13,"14":14,"15":15,"16":16,"17":17,"18":18,"19":19,"20":20},"test_accuracies":{"0":0.5028142589,"1":0.5,"2":0.5281425891,"3":0.5,"4":0.512195122,"5":0.5084427767,"6":0.5975609756,"7":0.6022514071,"8":0.5637898687,"9":0.5966228893,"10":0.6350844278,"11":0.6275797373,"12":0.5994371482,"13":0.5759849906,"14":0.5928705441,"15":0.5909943715,"16":0.5975609756,"17":0.6247654784,"18":0.5984990619,"19":0.6350844278,"20":0.6200750469}}