{"iterations":{"0":0,"1":1,"2":2,"3":3,"4":4,"5":5},"test_accuracies":{"0":0.5562851782,"1":0.4953095685,"2":0.4953095685,"3":0.4315196998,"4":0.5,"5":0.5},"train_accuracies":{"0":0.95,"1":0.6363636364,"2":0.9166666667,"3":0.5384615385,"4":0.6428571429,"5":0.5333333333},"stopping_history":{"0":false,"1":false,"2":false,"3":false,"4":false,"5":false}}