{"iterations":{"0":0,"1":1},"accuracies":{"0":0.5206378987,"1":0.5084427767}}