{"iterations":{"0":0,"1":1,"2":2,"3":3,"4":4,"5":5,"6":6,"7":7,"8":8,"9":9,"10":10,"11":11,"12":12,"13":13,"14":14,"15":15,"16":16,"17":17,"18":18,"19":19,"20":20,"21":21,"22":22,"23":23,"24":24,"25":25,"26":26,"27":27,"28":28,"29":29,"30":30,"31":31,"32":32,"33":33,"34":34,"35":35,"36":36,"37":37,"38":38,"39":39,"40":40,"41":41,"42":42,"43":43,"44":44,"45":45,"46":46,"47":47,"48":48,"49":49,"50":50},"test_accuracies":{"0":0.5084427767,"1":0.5534709193,"2":0.6247654784,"3":0.6153846154,"4":0.6782363977,"5":0.7260787992,"6":0.7514071295,"7":0.7485928705,"8":0.787054409,"9":0.7786116323,"10":0.7861163227,"11":0.818011257,"12":0.8011257036,"13":0.7983114447,"14":0.7936210131,"15":0.7945590994,"16":0.8151969981,"17":0.8001876173,"18":0.808630394,"19":0.8067542214,"20":0.8151969981,"21":0.8217636023,"22":0.8095684803,"23":0.8217636023,"24":0.8255159475,"25":0.8142589118,"26":0.8039399625,"27":0.8198874296,"28":0.808630394,"29":0.8208255159,"30":0.818011257,"31":0.8133208255,"32":0.8133208255,"33":0.8208255159,"34":0.8273921201,"35":0.8255159475,"36":0.8255159475,"37":0.830206379,"38":0.830206379,"39":0.8208255159,"40":0.8227016886,"41":0.8217636023,"42":0.8236397749,"43":0.8311444653,"44":0.8283302064,"45":0.8320825516,"46":0.8283302064,"47":0.8283302064,"48":0.8283302064,"49":0.8227016886,"50":0.839587242},"train_accuracies":{"0":0.95,"1":0.9928571429,"2":0.9961538462,"3":0.9973684211,"4":0.998,"5":0.9951612903,"6":0.9959459459,"7":0.9988372093,"8":0.9989795918,"9":0.9981818182,"10":0.9991803279,"11":0.9992537313,"12":0.9993150685,"13":0.9955696203,"14":0.9976470588,"15":1.0,"16":0.9994845361,"17":0.9980582524,"18":0.9990825688,"19":0.9926086957,"20":0.9987603306,"21":0.9838582677,"22":0.9973684211,"23":0.9996402878,"24":0.9996551724,"25":0.9966887417,"26":0.9993630573,"27":0.9981595092,"28":0.9985207101,"29":0.9962857143,"30":0.9986187845,"31":0.9978609626,"32":0.9992227979,"33":0.9994974874,"34":0.9982926829,"35":0.9976303318,"36":0.999078341,"37":0.9988789238,"38":0.9982528936,"39":0.9953181528,"40":0.997094833,"41":0.9977728285,"42":0.9982209923,"43":0.9984553003,"44":0.9981128515,"45":0.9972319616,"46":0.9960281639,"47":0.997349355,"48":0.9984426371,"49":0.9966095948,"50":0.9978401728},"stopping_history":{"0":false,"1":false,"2":false,"3":false,"4":false,"5":false,"6":false,"7":false,"8":false,"9":false,"10":false,"11":false,"12":false,"13":false,"14":false,"15":false,"16":false,"17":false,"18":false,"19":false,"20":false,"21":false,"22":false,"23":false,"24":false,"25":false,"26":false,"27":false,"28":false,"29":false,"30":false,"31":false,"32":false,"33":false,"34":true,"35":true,"36":true,"37":true,"38":true,"39":true,"40":true,"41":true,"42":true,"43":true,"44":true,"45":true,"46":true,"47":true,"48":true,"49":true,"50":true}}