{"iterations":{"0":0,"1":1,"2":2,"3":3,"4":4,"5":5,"6":6,"7":7,"8":8,"9":9,"10":10,"11":11,"12":12,"13":13,"14":14,"15":15,"16":16,"17":17,"18":18,"19":19,"20":20},"accuracies":{"0":0.5,"1":0.4549718574,"2":0.4971857411,"3":0.530956848,"4":0.5572232645,"5":0.5487804878,"6":0.5703564728,"7":0.5225140713,"8":0.5619136961,"9":0.5619136961,"10":0.6294559099,"11":0.6153846154,"12":0.6031894934,"13":0.6003752345,"14":0.5816135084,"15":0.6219512195,"16":0.6191369606,"17":0.6219512195,"18":0.648217636,"19":0.6463414634,"20":0.6069418386}}