{"iterations":{"0":0,"1":1,"2":2},"test_accuracies":{"0":0.4990619137,"1":0.4990619137,"2":0.5084427767},"train_accuracies":{"0":0.5,"1":0.4571428571,"2":0.56},"stopping_history":{"0":false,"1":false,"2":false}}