{"iterations":{"0":0,"1":1,"2":2,"3":3,"4":4,"5":5,"6":6,"7":7,"8":8,"9":9,"10":10,"11":11,"12":12,"13":13,"14":14,"15":15,"16":16,"17":17,"18":18,"19":19,"20":20},"accuracies":{"0":0.95,"1":0.6,"2":0.8833333333,"3":0.875,"4":0.96,"5":0.9583333333,"6":0.9428571429,"7":0.925,"8":0.9666666667,"9":0.94,"10":0.9227272727,"11":0.9666666667,"12":0.9769230769,"13":0.9178571429,"14":0.96,"15":0.96875,"16":0.9558823529,"17":0.9888888889,"18":0.8710526316,"19":0.9425,"20":0.969047619},"stopping_history":{"0":false,"1":false,"2":false,"3":false,"4":false,"5":false,"6":false,"7":false,"8":false,"9":false,"10":false,"11":false,"12":false,"13":false,"14":false,"15":false,"16":false,"17":false,"18":false,"19":false,"20":false}}
