{"iterations":{"0":0,"1":1,"2":2,"3":3,"4":4,"5":5,"6":6,"7":7,"8":8,"9":9,"10":10,"11":11,"12":12,"13":13,"14":14,"15":15,"16":16,"17":17,"18":18,"19":19,"20":20},"accuracies":{"0":0.4652908068,"1":0.5,"2":0.4990619137,"3":0.521575985,"4":0.5225140713,"5":0.5778611632,"6":0.6022514071,"7":0.5590994371,"8":0.5872420263,"9":0.5515947467,"10":0.6313320826,"11":0.6097560976,"12":0.6125703565,"13":0.6135084428,"14":0.6313320826,"15":0.6191369606,"16":0.626641651,"17":0.6566604128,"18":0.6135084428,"19":0.6275797373,"20":0.6275797373}}