{"iterations":{"0":0,"1":1,"2":2,"3":3,"4":4,"5":5,"6":6,"7":7,"8":8,"9":9,"10":10,"11":11,"12":12,"13":13,"14":14,"15":15,"16":16,"17":17,"18":18,"19":19,"20":20,"21":21,"22":22,"23":23,"24":24,"25":25,"26":26,"27":27,"28":28,"29":29,"30":30,"31":31,"32":32,"33":33,"34":34,"35":35,"36":36,"37":37,"38":38,"39":39,"40":40,"41":41,"42":42,"43":43,"44":44,"45":45,"46":46,"47":47,"48":48,"49":49,"50":50},"test_accuracies":{"0":0.6088180113,"1":0.5834896811,"2":0.521575985,"3":0.5075046904,"4":0.6200750469,"5":0.607879925,"6":0.6360225141,"7":0.7157598499,"8":0.7795497186,"9":0.6472795497,"10":0.7420262664,"11":0.7701688555,"12":0.799249531,"13":0.7851782364,"14":0.8095684803,"15":0.8161350844,"16":0.7804878049,"17":0.5703564728,"18":0.7833020638,"19":0.8114446529,"20":0.8020637899,"21":0.808630394,"22":0.8245778612,"23":0.799249531,"24":0.8048780488,"25":0.8030018762,"26":0.8039399625,"27":0.8227016886,"28":0.8105065666,"29":0.8105065666,"30":0.8114446529,"31":0.818011257,"32":0.8236397749,"33":0.8105065666,"34":0.7898686679,"35":0.8198874296,"36":0.8123827392,"37":0.8198874296,"38":0.8283302064,"39":0.8217636023,"40":0.8245778612,"41":0.7757973734,"42":0.8133208255,"43":0.8273921201,"44":0.818011257,"45":0.8208255159,"46":0.8227016886,"47":0.8217636023,"48":0.8011257036,"49":0.8133208255,"50":0.8273921201},"train_accuracies":{"0":0.85,"1":0.975,"2":0.5666666667,"3":0.5,"4":0.9,"5":0.975,"6":0.9214285714,"7":0.9625,"8":0.9388888889,"9":0.86,"10":0.9636363636,"11":0.9833333333,"12":0.9807692308,"13":0.975,"14":0.96,"15":0.965625,"16":0.9705882353,"17":0.6611111111,"18":0.9789473684,"19":0.9225,"20":0.9738095238,"21":0.9772727273,"22":0.9695652174,"23":0.9520833333,"24":0.964,"25":0.9692307692,"26":0.9703703704,"27":0.95,"28":0.9655172414,"29":0.9716666667,"30":0.9725806452,"31":0.971875,"32":0.95,"33":0.9632352941,"34":0.9671428571,"35":0.9736111111,"36":0.9635135135,"37":0.975,"38":0.9064102564,"39":0.98125,"40":0.9597560976,"41":0.7964285714,"42":0.8930232558,"43":0.9647727273,"44":0.9444444444,"45":0.9413043478,"46":0.920212766,"47":0.903125,"48":0.8285714286,"49":0.953,"50":0.9323529412},"stopping_history":{"0":false,"1":false,"2":false,"3":false,"4":false,"5":false,"6":false,"7":false,"8":false,"9":false,"10":false,"11":false,"12":false,"13":false,"14":false,"15":false,"16":false,"17":false,"18":false,"19":false,"20":false,"21":false,"22":false,"23":false,"24":false,"25":false,"26":false,"27":false,"28":false,"29":false,"30":false,"31":false,"32":true,"33":false,"34":false,"35":false,"36":false,"37":false,"38":true,"39":true,"40":true,"41":false,"42":false,"43":false,"44":false,"45":true,"46":true,"47":true,"48":false,"49":false,"50":false}}