{"iterations":{"0":0,"1":1,"2":2},"test_accuracies":{"0":0.5,"1":0.4849906191,"2":0.5009380863},"train_accuracies":{"0":0.5,"1":0.56,"2":0.4666666667},"stopping_history":{"0":false,"1":false,"2":false}}