{"iterations":{"0":0,"1":1,"2":2},"test_accuracies":{"0":0.4887429644,"1":0.5131332083,"2":0.4962476548},"train_accuracies":{"0":0.45,"1":0.6857142857,"2":0.56},"stopping_history":{"0":false,"1":false,"2":false}}