{"iterations":{"0":0,"1":1,"2":2,"3":3,"4":4,"5":5,"6":6,"7":7,"8":8,"9":9,"10":10,"11":11,"12":12,"13":13,"14":14,"15":15,"16":16,"17":17,"18":18,"19":19,"20":20},"test_accuracies":{"0":0.5,"1":0.4756097561,"2":0.4709193246,"3":0.4437148218,"4":0.5,"5":0.5075046904,"6":0.521575985,"7":0.5,"8":0.5018761726,"9":0.5506566604,"10":0.4981238274,"11":0.5281425891,"12":0.4840525328,"13":0.5234521576,"14":0.5375234522,"15":0.5694183865,"16":0.5,"17":0.5384615385,"18":0.5703564728,"19":0.509380863,"20":0.564727955}}