{"iterations":{"0":0,"1":1,"2":2,"3":3,"4":4,"5":5,"6":6,"7":7,"8":8,"9":9,"10":10,"11":11,"12":12,"13":13,"14":14,"15":15,"16":16,"17":17,"18":18,"19":19,"20":20},"accuracies":{"0":0.4990619137,"1":0.5168855535,"2":0.5243902439,"3":0.5469043152,"4":0.5412757974,"5":0.5103189493,"6":0.5009380863,"7":0.5168855535,"8":0.5440900563,"9":0.4971857411,"10":0.5187617261,"11":0.5,"12":0.564727955,"13":0.5103189493,"14":0.5337711069,"15":0.54315197,"16":0.5103189493,"17":0.5,"18":0.574108818,"19":0.5,"20":0.5272045028}}