{"iterations":{"0":0,"1":1,"2":2,"3":3,"4":4,"5":5,"6":6,"7":7,"8":8,"9":9,"10":10,"11":11,"12":12,"13":13,"14":14,"15":15,"16":16,"17":17,"18":18,"19":19,"20":20},"test_accuracies":{"0":0.4981238274,"1":0.5046904315,"2":0.4990619137,"3":0.54315197,"4":0.5112570356,"5":0.4990619137,"6":0.5243902439,"7":0.5140712946,"8":0.5450281426,"9":0.54315197,"10":0.5384615385,"11":0.5872420263,"12":0.5365853659,"13":0.5590994371,"14":0.5787992495,"15":0.6116322702,"16":0.6003752345,"17":0.6069418386,"18":0.6257035647,"19":0.5994371482,"20":0.6191369606}}