{"iterations":{"0":0,"1":1,"2":2,"3":3,"4":4,"5":5},"test_accuracies":{"0":0.4493433396,"1":0.4971857411,"2":0.5544090056,"3":0.5300187617,"4":0.5046904315,"5":0.5422138837},"train_accuracies":{"0":0.65,"1":0.5454545455,"2":0.9166666667,"3":0.8076923077,"4":0.8214285714,"5":0.6333333333},"stopping_history":{"0":false,"1":false,"2":false,"3":false,"4":false,"5":false}}