{"iterations":{"0":0,"1":1,"2":2},"test_accuracies":{"0":0.5084427767,"1":0.4990619137,"2":0.4737335835},"train_accuracies":{"0":0.5,"1":0.6,"2":0.5},"stopping_history":{"0":false,"1":false,"2":false}}