{"iterations":{"0":0,"1":1,"2":2,"3":3,"4":4,"5":5},"test_accuracies":{"0":0.5581613508,"1":0.5590994371,"2":0.4990619137,"3":0.5553470919,"4":0.4953095685,"5":0.5872420263},"train_accuracies":{"0":1.0,"1":0.9615384615,"2":0.3125,"3":0.9210526316,"4":0.8863636364,"5":0.98},"stopping_history":{"0":false,"1":false,"2":false,"3":false,"4":false,"5":false}}