{"iterations":{"0":0,"1":1,"2":2,"3":3,"4":4,"5":5,"6":6,"7":7,"8":8,"9":9,"10":10},"test_accuracies":{"0":0.5159474672,"1":0.5,"2":0.5469043152,"3":0.5168855535,"4":0.5572232645,"5":0.509380863,"6":0.5,"7":0.5365853659,"8":0.5009380863,"9":0.5028142589,"10":0.5262664165},"train_accuracies":{"0":0.65,"1":0.5,"2":0.5166666667,"3":0.6375,"4":0.75,"5":0.5666666667,"6":0.5785714286,"7":0.66875,"8":0.55,"9":0.535,"10":0.6045454545},"stopping_history":{"0":false,"1":false,"2":false,"3":false,"4":false,"5":false,"6":false,"7":false,"8":false,"9":false,"10":false}}