{"iterations":{"0":0,"1":1,"2":2,"3":3,"4":4,"5":5,"6":6,"7":7,"8":8,"9":9,"10":10,"11":11,"12":12,"13":13,"14":14,"15":15,"16":16,"17":17,"18":18,"19":19,"20":20},"accuracies":{"0":0.5028142589,"1":0.5046904315,"2":0.5103189493,"3":0.54315197,"4":0.5009380863,"5":0.5,"6":0.5253283302,"7":0.5469043152,"8":0.5234521576,"9":0.5478424015,"10":0.5290806754,"11":0.5028142589,"12":0.5009380863,"13":0.4924953096,"14":0.5553470919,"15":0.5375234522,"16":0.5300187617,"17":0.5337711069,"18":0.5234521576,"19":0.5009380863,"20":0.5037523452}}