{"iterations":{"0":0,"1":1,"2":2,"3":3,"4":4,"5":5,"6":6,"7":7,"8":8,"9":9,"10":10,"11":11,"12":12,"13":13,"14":14,"15":15,"16":16,"17":17,"18":18,"19":19,"20":20},"accuracies":{"0":0.5,"1":0.5,"2":0.521575985,"3":0.5534709193,"4":0.4962476548,"5":0.5225140713,"6":0.5666041276,"7":0.5703564728,"8":0.5168855535,"9":0.5187617261,"10":0.5056285178,"11":0.5,"12":0.512195122,"13":0.5666041276,"14":0.5131332083,"15":0.5328330206,"16":0.5375234522,"17":0.54315197,"18":0.5403377111,"19":0.5,"20":0.5253283302}}