{"iterations":{"0":0,"1":1,"2":2,"3":3,"4":4,"5":5,"6":6,"7":7,"8":8,"9":9,"10":10,"11":11,"12":12,"13":13,"14":14,"15":15,"16":16,"17":17,"18":18,"19":19,"20":20,"21":21,"22":22,"23":23,"24":24,"25":25,"26":26,"27":27,"28":28,"29":29,"30":30,"31":31,"32":32,"33":33,"34":34,"35":35,"36":36,"37":37,"38":38,"39":39,"40":40,"41":41,"42":42,"43":43,"44":44,"45":45,"46":46,"47":47,"48":48,"49":49,"50":50},"accuracies":{"0":0.5,"1":0.5056285178,"2":0.5,"3":0.5262664165,"4":0.5,"5":0.5234521576,"6":0.4990619137,"7":0.5759849906,"8":0.4981238274,"9":0.5,"10":0.5600375235,"11":0.5393996248,"12":0.4934333959,"13":0.5393996248,"14":0.5084427767,"15":0.5337711069,"16":0.5262664165,"17":0.5769230769,"18":0.5375234522,"19":0.5628517824,"20":0.5628517824,"21":0.5759849906,"22":0.5656660413,"23":0.5178236398,"24":0.5487804878,"25":0.509380863,"26":0.5234521576,"27":0.5515947467,"28":0.5356472795,"29":0.5853658537,"30":0.5872420263,"31":0.521575985,"32":0.5637898687,"33":0.5384615385,"34":0.5778611632,"35":0.5909943715,"36":0.595684803,"37":0.5984990619,"38":0.5412757974,"39":0.5825515947,"40":0.5703564728,"41":0.5919324578,"42":0.58630394,"43":0.5909943715,"44":0.6097560976,"45":0.5947467167,"46":0.605065666,"47":0.6003752345,"48":0.6069418386,"49":0.5872420263,"50":0.6022514071}}