{"iterations":{"0":0,"1":1,"2":2,"3":3,"4":4,"5":5,"6":6,"7":7,"8":8,"9":9,"10":10,"11":11,"12":12,"13":13,"14":14,"15":15,"16":16,"17":17,"18":18,"19":19,"20":20,"21":21,"22":22,"23":23,"24":24,"25":25,"26":26,"27":27,"28":28,"29":29,"30":30,"31":31,"32":32,"33":33,"34":34,"35":35,"36":36,"37":37,"38":38,"39":39,"40":40,"41":41,"42":42,"43":43,"44":44,"45":45,"46":46,"47":47,"48":48,"49":49,"50":50},"test_accuracies":{"0":0.4849906191,"1":0.595684803,"2":0.6097560976,"3":0.5131332083,"4":0.6472795497,"5":0.6472795497,"6":0.6857410882,"7":0.6876172608,"8":0.7166979362,"9":0.7664165103,"10":0.7420262664,"11":0.7701688555,"12":0.7570356473,"13":0.7664165103,"14":0.6003752345,"15":0.7767354597,"16":0.7692307692,"17":0.7804878049,"18":0.7757973734,"19":0.8142589118,"20":0.8161350844,"21":0.8095684803,"22":0.8170731707,"23":0.8105065666,"24":0.8255159475,"25":0.7983114447,"26":0.7973733583,"27":0.8030018762,"28":0.8161350844,"29":0.765478424,"30":0.8245778612,"31":0.8170731707,"32":0.808630394,"33":0.8217636023,"34":0.8198874296,"35":0.8011257036,"36":0.8142589118,"37":0.8245778612,"38":0.8245778612,"39":0.8095684803,"40":0.8123827392,"41":0.8133208255,"42":0.8105065666,"43":0.8255159475,"44":0.8095684803,"45":0.8273921201,"46":0.8105065666,"47":0.8292682927,"48":0.5544090056,"49":0.8330206379,"50":0.8227016886},"train_accuracies":{"0":0.85,"1":0.9,"2":0.9833333333,"3":0.6875,"4":0.98,"5":0.95,"6":0.9642857143,"7":0.91875,"8":0.95,"9":0.95,"10":0.9772727273,"11":0.9708333333,"12":0.9538461538,"13":0.9678571429,"14":0.7066666667,"15":0.95625,"16":0.9441176471,"17":0.9722222222,"18":0.9631578947,"19":0.9725,"20":0.9761904762,"21":0.9727272727,"22":0.9695652174,"23":0.9625,"24":0.972,"25":0.9576923077,"26":0.9574074074,"27":0.9035714286,"28":0.9672413793,"29":0.8733333333,"30":0.9693548387,"31":0.9515625,"32":0.9666666667,"33":0.9647058824,"34":0.93,"35":0.8722222222,"36":0.8635135135,"37":0.9618421053,"38":0.9525641026,"39":0.88375,"40":0.9182926829,"41":0.9380952381,"42":0.9151162791,"43":0.9681818182,"44":0.9488888889,"45":0.9793478261,"46":0.9627659574,"47":0.9510416667,"48":0.5724489796,"49":0.961,"50":0.9215686275},"stopping_history":{"0":false,"1":false,"2":false,"3":false,"4":false,"5":false,"6":false,"7":false,"8":false,"9":false,"10":false,"11":false,"12":false,"13":false,"14":false,"15":false,"16":false,"17":false,"18":false,"19":false,"20":false,"21":true,"22":true,"23":true,"24":false,"25":false,"26":false,"27":false,"28":false,"29":false,"30":false,"31":false,"32":false,"33":true,"34":true,"35":true,"36":false,"37":false,"38":false,"39":false,"40":false,"41":false,"42":false,"43":false,"44":false,"45":true,"46":true,"47":true,"48":false,"49":false,"50":false}}