{"iterations":{"0":0,"1":1,"2":2,"3":3,"4":4,"5":5},"test_accuracies":{"0":0.5797373358,"1":0.5684803002,"2":0.54315197,"3":0.6022514071,"4":0.5272045028,"5":0.5412757974},"train_accuracies":{"0":0.95,"1":0.9545454545,"2":0.9583333333,"3":0.9230769231,"4":0.75,"5":0.9333333333},"stopping_history":{"0":false,"1":false,"2":false,"3":false,"4":false,"5":false}}