{"iterations":{"0":0,"1":1,"2":2,"3":3,"4":4,"5":5,"6":6,"7":7,"8":8,"9":9,"10":10},"accuracies":{"0":0.5002344666,"1":0.5004689332,"2":0.5337631887,"3":0.5,"4":0.5335287222,"5":0.5402110199,"6":0.5012895662,"7":0.5003516999,"8":0.515123095,"9":0.556975381,"10":0.5193434936}}