{"iterations":{"0":0,"1":1,"2":2,"3":3,"4":4,"5":5},"test_accuracies":{"0":0.5187617261,"1":0.5928705441,"2":0.5619136961,"3":0.5984990619,"4":0.5,"5":0.5440900563},"train_accuracies":{"0":1.0,"1":0.9545454545,"2":1.0,"3":1.0,"4":0.5,"5":0.9666666667},"stopping_history":{"0":false,"1":false,"2":false,"3":false,"4":false,"5":false}}