{"iterations":{"0":0,"1":1,"2":2,"3":3,"4":4,"5":5,"6":6,"7":7,"8":8,"9":9,"10":10,"11":11,"12":12,"13":13,"14":14,"15":15,"16":16,"17":17,"18":18,"19":19,"20":20,"21":21,"22":22,"23":23,"24":24,"25":25,"26":26,"27":27,"28":28,"29":29,"30":30,"31":31,"32":32,"33":33,"34":34,"35":35,"36":36,"37":37,"38":38,"39":39,"40":40,"41":41,"42":42,"43":43,"44":44,"45":45,"46":46,"47":47,"48":48,"49":49,"50":50},"test_accuracies":{"0":0.4746716698,"1":0.4990619137,"2":0.5919324578,"3":0.564727955,"4":0.5150093809,"5":0.6547842402,"6":0.6744840525,"7":0.6669793621,"8":0.5384615385,"9":0.6998123827,"10":0.7270168856,"11":0.7335834897,"12":0.7082551595,"13":0.7429643527,"14":0.7392120075,"15":0.7823639775,"16":0.7701688555,"17":0.7767354597,"18":0.7495309568,"19":0.7720450281,"20":0.7795497186,"21":0.7945590994,"22":0.7720450281,"23":0.7786116323,"24":0.7729831144,"25":0.8048780488,"26":0.7626641651,"27":0.8001876173,"28":0.7523452158,"29":0.8142589118,"30":0.7804878049,"31":0.799249531,"32":0.8076923077,"33":0.8076923077,"34":0.8067542214,"35":0.7898686679,"36":0.8095684803,"37":0.787054409,"38":0.7682926829,"39":0.8123827392,"40":0.8151969981,"41":0.8142589118,"42":0.8030018762,"43":0.8095684803,"44":0.8114446529,"45":0.8048780488,"46":0.7551594747,"47":0.8133208255,"48":0.8170731707,"49":0.8273921201,"50":0.8001876173},"train_accuracies":{"0":0.95,"1":0.6,"2":0.9333333333,"3":0.7625,"4":0.75,"5":0.95,"6":0.95,"7":0.9625,"8":0.6611111111,"9":0.96,"10":0.9590909091,"11":0.9666666667,"12":0.9423076923,"13":0.975,"14":0.97,"15":0.9625,"16":0.9558823529,"17":0.9583333333,"18":0.9763157895,"19":0.98,"20":0.95,"21":0.9727272727,"22":0.9804347826,"23":0.9708333333,"24":0.936,"25":0.9807692308,"26":0.9407407407,"27":0.9732142857,"28":0.9206896552,"29":0.9516666667,"30":0.9112903226,"31":0.95,"32":0.9727272727,"33":0.9544117647,"34":0.9657142857,"35":0.9027777778,"36":0.9256756757,"37":0.9065789474,"38":0.9371794872,"39":0.97375,"40":0.9182926829,"41":0.9583333333,"42":0.926744186,"43":0.9534090909,"44":0.9688888889,"45":0.8967391304,"46":0.8680851064,"47":0.9364583333,"48":0.9642857143,"49":0.956,"50":0.8735294118},"stopping_history":{"0":false,"1":false,"2":false,"3":false,"4":false,"5":false,"6":false,"7":false,"8":false,"9":false,"10":false,"11":false,"12":false,"13":false,"14":false,"15":false,"16":false,"17":false,"18":false,"19":false,"20":false,"21":false,"22":false,"23":false,"24":false,"25":false,"26":false,"27":false,"28":false,"29":false,"30":false,"31":false,"32":false,"33":false,"34":false,"35":false,"36":false,"37":false,"38":false,"39":false,"40":false,"41":false,"42":false,"43":false,"44":false,"45":false,"46":false,"47":false,"48":false,"49":false,"50":false}}