{"0":{"0":{"iterations":[0,1,2,3,4,5,6,7,8,9,10,11,12,13,14,15,16,17,18,19,20,21,22,23,24,25,26,27,28,29,30,31,32,33,34,35,36,37,38,39,40,41,42,43,44,45,46,47,48,49,50],"test_accuracies":[0.5422138837,0.6097560976,0.6097560976,0.6257035647,0.6519699812,0.7185741088,0.7317073171,0.6219512195,0.7598499062,0.7232645403,0.743902439,0.7579737336,0.7729831144,0.743902439,0.7823639775,0.777673546,0.7120075047,0.7673545966,0.8067542214,0.5544090056,0.8048780488,0.8011257036,0.8020637899,0.8039399625,0.8076923077,0.7823639775,0.7983114447,0.8039399625,0.8058161351,0.7739212008,0.7598499062,0.8151969981,0.8020637899,0.8264540338,0.8236397749,0.8067542214,0.8198874296,0.7983114447,0.8123827392,0.8133208255,0.8011257036,0.8170731707,0.7945590994,0.8245778612,0.7842401501,0.8339587242,0.8048780488,0.8292682927,0.799249531,0.8255159475,0.8011257036],"train_accuracies":[1.0,0.95,0.95,0.975,0.97,0.925,0.9642857143,0.74375,0.9666666667,0.965,0.9681818182,0.9791666667,0.9653846154,0.9678571429,0.9666666667,0.971875,0.7705882353,0.9666666667,0.9736842105,0.565,0.9619047619,0.9863636364,0.9456521739,0.9645833333,0.986,0.9673076923,0.9537037037,0.975,0.9689655172,0.8366666667,0.864516129,0.946875,0.953030303,0.9397058824,0.9542857143,0.9736111111,0.9256756757,0.9618421053,0.9679487179,0.94,0.8853658537,0.95,0.9186046512,0.9693181818,0.8866666667,0.9554347826,0.9595744681,0.9010416667,0.8163265306,0.965,0.8852941176],"stopping_history":[false,false,false,false,false,false,false,false,false,false,false,false,false,false,false,false,false,false,false,false,false,false,false,false,false,false,false,false,false,false,false,false,false,false,true,true,true,true,true,true,true,false,false,true,false,false,false,false,true,false,false]},"1":"AugmentedSearchSpaceExtensionQueryStrategy_BreakingTies()_50_queries_num_samples_20_num_augmentations_5"},"1":{"0":{"iterations":[0,1,2,3,4,5,6,7,8,9,10,11,12,13,14,15,16,17,18,19,20,21,22,23,24,25,26,27,28,29,30,31,32,33,34,35,36,37,38,39,40,41,42,43,44,45,46,47,48,49,50],"test_accuracies":[0.6031894934,0.648217636,0.5553470919,0.5675422139,0.4924953096,0.6941838649,0.7204502814,0.6876172608,0.6772983114,0.7185741088,0.7701688555,0.7861163227,0.8039399625,0.7607879925,0.8114446529,0.8011257036,0.7476547842,0.799249531,0.7786116323,0.756097561,0.8133208255,0.8283302064,0.8076923077,0.8161350844,0.7645403377,0.7983114447,0.8095684803,0.808630394,0.8208255159,0.8264540338,0.8264540338,0.8151969981,0.8151969981,0.830206379,0.8095684803,0.7664165103,0.8123827392,0.8208255159,0.8217636023,0.8170731707,0.8273921201,0.8320825516,0.7926829268,0.8283302064,0.8142589118,0.8151969981,0.8114446529,0.7851782364,0.8142589118,0.6444652908,0.8208255159],"train_accuracies":[1.0,0.95,0.9333333333,0.95,0.72,0.9333333333,0.9571428571,0.89375,0.9055555556,0.985,0.9590909091,0.975,0.9730769231,0.9571428571,0.95,0.95,0.9382352941,0.9555555556,0.9710526316,0.9225,0.9642857143,0.9431818182,0.8695652174,0.9208333333,0.944,0.9519230769,0.9611111111,0.9696428571,0.9672413793,0.9733333333,0.9741935484,0.95625,0.9651515152,0.9794117647,0.9471428571,0.8569444444,0.9081081081,0.9460526316,0.9525641026,0.9675,0.9719512195,0.9452380952,0.8988372093,0.9625,0.9122222222,0.9315217391,0.8893617021,0.875,0.8795918367,0.621,0.968627451],"stopping_history":[false,false,false,false,false,false,false,false,false,false,false,false,false,false,false,false,false,false,false,false,false,false,false,true,true,false,false,false,false,true,true,true,true,true,true,false,false,false,false,true,true,true,true,false,false,true,true,true,false,false,false]},"1":"AugmentedSearchSpaceExtensionQueryStrategy_BreakingTies()_50_queries_num_samples_20_num_augmentations_5"},"2":{"0":{"iterations":[0,1,2,3,4,5,6,7,8,9,10,11,12,13,14,15,16,17,18,19,20,21,22,23,24,25,26,27,28,29,30,31,32,33,34,35,36,37,38,39,40,41,42,43,44,45,46,47,48,49,50],"test_accuracies":[0.512195122,0.638836773,0.6313320826,0.6707317073,0.5919324578,0.7270168856,0.7213883677,0.5825515947,0.7720450281,0.7664165103,0.6519699812,0.7504690432,0.8095684803,0.8039399625,0.7823639775,0.7232645403,0.5722326454,0.8133208255,0.8217636023,0.8255159475,0.8067542214,0.799249531,0.8133208255,0.7645403377,0.8030018762,0.5262664165,0.7851782364,0.8011257036,0.8030018762,0.8142589118,0.8245778612,0.8142589118,0.8067542214,0.8114446529,0.8170731707,0.8283302064,0.8245778612,0.830206379,0.8292682927,0.8311444653,0.8245778612,0.830206379,0.8273921201,0.8020637899,0.8001876173,0.8170731707,0.8236397749,0.8114446529,0.8245778612,0.8020637899,0.8198874296],"train_accuracies":[0.6,0.95,0.95,0.925,0.88,0.975,0.9642857143,0.7125,0.9611111111,0.965,0.9136363636,0.9666666667,0.9846153846,0.9607142857,0.9633333333,0.96875,0.6323529412,0.9694444444,0.9605263158,0.975,0.9642857143,0.9613636364,0.9695652174,0.9479166667,0.964,0.5480769231,0.9407407407,0.9553571429,0.9724137931,0.97,0.9822580645,0.9375,0.9515151515,0.9705882353,0.9714285714,0.9722222222,0.9662162162,0.9763157895,0.9166666667,0.96125,0.9304878049,0.9488095238,0.9662790698,0.9159090909,0.8833333333,0.9010869565,0.95,0.959375,0.9581632653,0.954,0.968627451],"stopping_history":[false,false,false,false,false,false,false,false,false,false,false,false,false,false,false,false,false,false,false,false,true,true,true,false,false,false,false,false,false,false,true,true,false,false,false,true,true,true,true,true,true,true,true,true,false,false,false,false,true,true,true]},"1":"AugmentedSearchSpaceExtensionQueryStrategy_BreakingTies()_50_queries_num_samples_20_num_augmentations_5"},"3":{"0":{"iterations":[0,1,2,3,4,5,6,7,8,9,10,11,12,13,14,15,16,17,18,19,20,21,22,23,24,25,26,27,28,29,30,31,32,33,34,35,36,37,38,39,40,41,42,43,44,45,46,47,48,49,50],"test_accuracies":[0.5028142589,0.521575985,0.5328330206,0.5675422139,0.5994371482,0.6350844278,0.6622889306,0.6998123827,0.7495309568,0.6782363977,0.7523452158,0.7636022514,0.7598499062,0.7467166979,0.7954971857,0.8039399625,0.7954971857,0.7973733583,0.7954971857,0.8048780488,0.808630394,0.5356472795,0.8142589118,0.7814258912,0.8001876173,0.8217636023,0.5919324578,0.8189493433,0.7983114447,0.8283302064,0.7851782364,0.7983114447,0.8114446529,0.8133208255,0.8076923077,0.8320825516,0.8001876173,0.8236397749,0.8189493433,0.8011257036,0.8001876173,0.7898686679,0.8273921201,0.6744840525,0.8114446529,0.8170731707,0.8217636023,0.8189493433,0.818011257,0.8320825516,0.8170731707],"train_accuracies":[0.65,0.825,0.6833333333,0.825,0.81,0.975,0.95,0.98125,0.9666666667,0.91,0.9681818182,0.9708333333,0.9423076923,0.9678571429,0.9666666667,0.975,0.9794117647,0.9722222222,0.9763157895,0.965,0.9571428571,0.6318181818,0.9673913043,0.9520833333,0.952,0.9788461538,0.6796296296,0.9714285714,0.9706896552,0.9816666667,0.9693548387,0.9734375,0.9742424242,0.9779411765,0.9085714286,0.9319444444,0.9702702703,0.9565789474,0.9705128205,0.95,0.9731707317,0.9369047619,0.8709302326,0.6693181818,0.9655555556,0.9456521739,0.9191489362,0.9708333333,0.9765306122,0.97,0.9696078431],"stopping_history":[false,false,false,false,false,false,false,false,false,false,false,false,false,false,false,false,false,false,false,false,false,false,false,false,false,false,false,false,false,false,false,true,true,true,true,true,true,true,true,true,true,false,false,false,false,false,false,true,true,true,true]},"1":"AugmentedSearchSpaceExtensionQueryStrategy_BreakingTies()_50_queries_num_samples_20_num_augmentations_5"},"4":{"0":{"iterations":[0,1,2,3,4,5,6,7,8,9,10,11,12,13,14,15,16,17,18,19,20,21,22,23,24,25,26,27,28,29,30,31,32,33,34,35,36,37,38,39,40,41,42,43,44,45,46,47,48,49,50],