{"0":{"0":{"iterations":[0,1,2,3,4,5,6,7,8,9,10,11,12,13,14,15,16,17,18,19,20,21,22,23,24,25,26,27,28,29,30,31,32,33,34,35,36,37,38,39,40,41,42,43,44,45,46,47,48,49,50],"test_accuracies":[0.4655612245,0.5229591837,0.5,0.4681122449,0.5535714286,0.5293367347,0.4591836735,0.5,0.5242346939,0.512755102,0.5229591837,0.4834183673,0.4757653061,0.5880102041,0.5484693878,0.5573979592,0.4489795918,0.5650510204,0.5331632653,0.5790816327,0.5701530612,0.6288265306,0.6709183673,0.5969387755,0.575255102,0.6275510204,0.5191326531,0.556122449,0.5765306122,0.5165816327,0.618622449,0.5905612245,0.5829081633,0.5344387755,0.631377551,0.6568877551,0.6084183673,0.6135204082,0.5969387755,0.674744898,0.6262755102,0.6211734694,0.6823979592,0.5892857143,0.681122449,0.6466836735,0.618622449,0.6632653061,0.6466836735,0.6556122449,0.6339285714],"train_accuracies":[0.95,1.0,0.8833333333,0.775,0.89,0.875,0.9,0.9,0.9055555556,0.8,0.6454545455,0.8916666667,0.8346153846,0.9285714286,0.9466666667,0.7125,0.6941176471,0.6333333333,0.9578947368,0.9075,0.5428571429,0.9522727273,0.9282608696,0.95,0.886,0.9538461538,0.6203703704,0.6589285714,0.9120689655,0.7733333333,0.9403225806,0.8984375,0.8287878788,0.8647058824,0.9471428571,0.9097222222,0.7824324324,0.9092105263,0.9423076923,0.96,0.887804878,0.8404761905,0.823255814,0.6511363636,0.9411111111,0.9195652174,0.9265957447,0.9333333333,0.7163265306,0.912,0.918627451],"kappa_average_conservative_history":[false,false,false,false,false,false,false,false,false,false,false,false,false,false,false,false,false,false,false,false,false,false,false,false,false,false,false,false,false,false,false,false,false,false,false,false,false,false,false,false,false,false,false,false,false,false,false,false,false,false],"kappa_average_middle_ground_history":[false,false,false,false,false,false,false,false,false,false,false,false,false,false,false,false,false,false,false,false,false,false,false,false,false,false,false,false,false,false,false,false,false,false,false,false,false,false,false,false,false,false,false,false,false,false,false,false,false,false],"kappa_average_aggressive_history":[false,false,false,false,false,false,false,false,false,false,false,false,false,false,false,false,false,false,false,false,false,false,false,false,false,false,false,false,false,false,false,false,false,false,false,false,false,false,false,false,false,false,false,false,false,false,false,false,false,false],"delta_f_score_conservative_history":[false,false,false,false,false,false,false,false,false,false,false,false,false,false,false,false,false,false,false,false,false,false,false,false,false,false,false,false,false,false,false,false,false,false,false,false,false,false,false,false,false,false,false,false,false,false,false,false,false,false],"delta_f_score_middle_ground_history":[false,false,false,false,false,false,false,false,false,false,false,false,false,false,false,false,false,false,false,false,false,false,false,false,false,false,false,false,false,false,false,false,false,false,false,false,false,false,false,false,false,false,false,false,false,false,false,false,false,false],"delta_f_score_aggressive_history":[false,false,false,false,false,false,false,false,false,false,false,false,false,false,false,false,false,false,false,false,false,false,false,false,false,false,false,false,false,false,false,false,false,false,false,false,false,false,false,false,false,false,false,false,false,false,false,false,false,false],"classification_change_conservative_history":[false,false,false,false,false,false,false,false,false,false,false,false,false,false,false,false,false,false,false,false,false,false,false,false,false,false,false,false,false,false,false,false,false,false,false,false,false,false,false,false,false,false,false,false,false,false,false,false,false,false],"classification_change_middle_ground_history":[false,false,false,false,false,false,false,false,false,false,false,false,false,false,false,false,false,false,false,false,false,false,false,false,false,false,false,false,false,false,false,false,false,false,false,false,false,false,false,false,false,false,false,false,false,false,false,false,false,false],"classification_change_aggressive_history":[false,false,false,false,false,false,false,false,false,false,false,false,false,false,false,false,false,false,false,false,false,false,false,false,false,false,false,false,false,false,false,false,false,false,false,false,false,false,false,false,false,false,false,false,false,false,false,false,false,false],"samples_count":[20]},"1":"BreakingTies_BreakingTies()_50_queries_num_samples_20_num_augmentations_5"},"1":{"0":{"iterations":[0,1,2,3,4,5,6,7,8,9,10,11,12,13,14,15,16,17,18,19,20,21,22,23,24,25,26,27,28,29,30,31,32,33,34,35,36,37,38,39,40,41,42,43,44,45,46,47,48,49,50],"test_accuracies":[0.6211734694,0.5854591837,0.5357142857,0.5357142857,0.5433673469,0.5216836735,0.5599489796,0.5637755102,0.612244898,0.6339285714,0.6020408163,0.6033163265,0.5612244898,0.5778061224,0.5918367347,0.6301020408,0.6415816327,0.5867346939,0.6211734694,0.6211734694,0.6007653061,0.6454081633,0.6224489796,0.6224489796,0.6237244898,0.5982142857,0.6403061224,0.6862244898,0.6237244898,0.5829081633,0.6007653061,0.6428571429,0.637755102,0.637755102,0.5956632653,0.6632653061,0.6849489796,0.6466836735,0.6785714286,0.6632653061,0.637755102,0.5663265306,0.5905612245,0.6160714286,0.612244898,0.568877551,0.6211734694,0.6224489796,0.5969387755,0.6466836735,0.6364795918],"train_accuracies":[1.0,0.65,0.9333333333,0.9375,0.94,0.8083333333,0.95,0.93125,0.9333333333,0.935,0.9545454545,0.9583333333,0.8307692308,0.9285714286,0.8333333333,0.925,0.9382352941,0.9638888889,0.9210526316,0.9525,0.9523809524,0.9590909091,0.9369565217,0.9625,0.892,0.9288461538,0.8111111111,0.9428571429,0.6275862069,0.7066666667,0.9580645161,0.9546875,0.9272727273,0.6602941176,0.9471428571,0.8930555556,0.9283783784,0.8921052632,0.9487179487,0.95875,0.8719512195,0.8607142857,0.8476744186,0.8704545455,0.8755555556,0.8184782609,0.9531914894,0.7791666667,0.6928571429,0.941,0.8205882353],"kappa_average_conservative_history":[false,false,false,false,false,false,false,false,false,false,false,false,false,false,false,false,false,false,false,false,false,false,false,false,false,false,false,false,false,false,false,false,false,false,false,false,false,false,false,false,false,false,false,false,false,false,false,false,false,false],"kappa_average_middle_ground_history":[false,false,false,false,false,false,false,false,false,false,false,false,false,false,false,false,false,false,false,false,false,false,false,false,false,false,false,false,false,false,false,false,false,false,false,false,false,false,false,false,false,false,false,false,false,false,false,false,false,false],"kappa_average_aggressive_history":[false,false,false,false,false,false,false,false,false,false,false,false,false,false,false,false,false,false,false,false,false,false,false,false,false,false,false,false,false,false,false,false,false,false,false,false,false,false,false,false,false,false,false,false,false,false,false,false,false,false],"delta_f_score_conservative_history":[false,false,false,false,false,false,false,false,false,false,false,false,false,false,false,false,false,false,false,false,false,false,false,false,false,false,false,false,false,false,false,false,false,false,false,false,false,false,false,false,false,false,false,false,false,false,false,false,false,false],"delta_f_score_middle_ground_history":[false,false,false,false,false,false,false,false,false,false,false,false,false,false,false,false,false,false,false,false,false,false,false,false,false,false,false,false,false,false,false,false,false,false,false,false,false,false,false,false,false,false,false,false,false,false,false,false,false,false],