{"0":{"0":{"iterations":[0,1,2,3,4,5,6,7,8,9,10,11,12,13,14,15,16,17,18,19,20,21,22,23,24,25,26,27,28,29,30,31,32,33,34,35,36,37,38,39,40,41,42,43,44,45,46,47,48,49,50],"test_accuracies":[0.49964,0.5794,0.53104,0.53072,0.57852,0.60596,0.66008,0.56168,0.636,0.64944,0.62924,0.64976,0.70992,0.57776,0.72276,0.7086,0.73196,0.697,0.718,0.75548,0.7188,0.7674,0.70568,0.62512,0.73556,0.76232,0.73788,0.71436,0.7392,0.75076,0.7606,0.70384,0.76508,0.76748,0.76844,0.7608,0.75836,0.74212,0.75208,0.73708,0.73,0.77032,0.7702,0.672,0.75052,0.72696,0.75084,0.78176,0.77748,0.75016,0.76112],"train_accuracies":[0.55,0.975,0.6666666667,0.8,0.95,0.9666666667,0.9571428571,0.7,0.9666666667,0.935,0.9454545455,0.9416666667,0.9346153846,0.7321428571,0.97,0.971875,0.9735294118,0.8666666667,0.9763157895,0.9625,0.9452380952,0.9545454545,0.9717391304,0.7125,0.958,0.9596153846,0.9777777778,0.975,0.9327586207,0.9716666667,0.9403225806,0.9421875,0.9621212121,0.9617647059,0.9728571429,0.975,0.922972973,0.9671052632,0.8628205128,0.925,0.9585365854,0.9297619048,0.9720930233,0.875,0.8722222222,0.8304347826,0.9627659574,0.9520833333,0.9734693878,0.911,0.9117647059],"kappa_average_conservative_history":[false,false,false,false,false,false,false,false,false,false,false,false,false,false,false,false,false,false,false,false,false,false,false,false,false,false,false,false,false,false,false,false,false,false,false,false,false,false,false,false,false,false,false,false,false,false,false,false,false,false],"kappa_average_middle_ground_history":[false,false,false,false,false,false,false,false,false,false,false,false,false,false,false,false,false,false,false,false,false,false,false,false,false,false,false,false,false,false,false,false,false,false,false,false,false,false,false,false,false,false,false,false,false,false,false,false,false,false],"kappa_average_aggressive_history":[false,false,false,false,false,false,false,false,false,false,false,false,false,false,false,false,false,false,false,false,false,false,false,false,false,false,false,false,false,false,false,false,false,false,true,false,false,false,false,false,false,false,false,false,false,false,false,false,false,false],"delta_f_score_conservative_history":[false,false,false,false,false,false,false,false,false,false,false,false,false,false,false,false,false,false,false,false,false,false,false,false,false,false,false,false,false,false,false,false,false,false,false,false,false,false,false,false,false,false,false,false,false,false,false,false,false,false],"delta_f_score_middle_ground_history":[false,false,false,false,false,false,false,false,false,false,false,false,false,false,false,false,false,false,false,false,false,false,false,false,false,false,false,false,false,false,false,false,false,false,false,false,false,false,false,false,false,false,false,false,false,false,false,false,false,false],"delta_f_score_aggressive_history":[false,false,false,false,false,false,false,false,false,false,false,false,false,false,false,false,false,false,false,false,false,false,false,false,false,false,false,false,false,false,false,false,false,false,false,false,false,false,false,false,false,false,false,false,false,false,false,false,false,false],"classification_change_conservative_history":[false,false,false,false,false,false,false,false,false,false,false,false,false,false,false,false,false,false,false,false,false,false,false,false,false,false,false,false,false,false,false,false,false,false,false,false,false,false,false,false,false,false,false,false,false,false,false,false,false,false],"classification_change_middle_ground_history":[false,false,false,false,false,false,false,false,false,false,false,false,false,false,false,false,false,false,false,false,false,false,false,false,false,false,false,false,false,false,false,false,false,false,false,false,false,false,false,false,false,false,false,false,false,false,false,false,false,false],"classification_change_aggressive_history":[false,false,false,false,false,false,false,false,false,false,false,false,false,false,false,false,false,false,false,false,false,false,false,false,false,false,false,false,false,false,false,false,true,true,false,false,false,false,false,false,false,false,false,false,false,false,false,true,false,false],"samples_count":[20]},"1":"AugmentedSearchSpaceExtensionQueryStrategy_BreakingTies()_50_queries_num_samples_20_num_augmentations_5"}}