{"0":{"0":{"iterations":[0,1,2,3,4,5,6,7,8,9,10,11,12,13,14,15,16,17,18,19,20,21,22,23,24,25,26,27,28,29,30,31,32,33,34,35,36,37,38,39,40,41,42,43,44,45,46,47,48,49,50],"test_accuracies":[0.5018761726,0.5497185741,0.5037523452,0.6191369606,0.6763602251,0.6257035647,0.6744840525,0.7260787992,0.6969981238,0.7748592871,0.7589118199,0.765478424,0.7898686679,0.8198874296,0.7626641651,0.7429643527,0.7917448405,0.8048780488,0.7908067542,0.8273921201,0.8095684803,0.8123827392,0.8198874296,0.8264540338,0.7936210131,0.8245778612,0.8236397749,0.8236397749,0.8264540338,0.808630394,0.8208255159,0.8245778612,0.8217636023,0.7542213884,0.5075046904,0.8189493433,0.8283302064,0.8236397749,0.8283302064,0.8273921201,0.8311444653,0.8292682927,0.7091932458,0.8377110694,0.8236397749,0.8151969981,0.8114446529,0.8095684803,0.6360225141,0.8348968105,0.8330206379],"train_accuracies":[0.55,0.75,0.6666666667,0.875,0.92,0.9416666667,0.9214285714,0.95625,0.95,0.975,0.9818181818,0.9666666667,0.9615384615,0.9785714286,0.9666666667,0.94375,0.9705882353,0.9583333333,0.9578947368,0.975,0.9428571429,0.9727272727,0.9782608696,0.9791666667,0.972,0.9615384615,0.9537037037,0.9767857143,0.9672413793,0.9316666667,0.9419354839,0.971875,0.9545454545,0.8602941176,0.55,0.9736111111,0.9540540541,0.9618421053,0.9641025641,0.955,0.9585365854,0.9547619048,0.7360465116,0.9568181818,0.9411111111,0.9206521739,0.9234042553,0.853125,0.7091836735,0.964,0.9637254902],"stopping_history":[false,false,false,false,false,false,false,false,false,false,false,false,false,false,false,false,false,false,false,false,false,false,false,false,true,false,false,true,true,true,false,false,true,false,false,false,false,false,true,true,true,true,false,false,false,false,true,true,false,false,false]},"1":"AugmentedSearchSpaceExtensionQueryStrategy_BreakingTies()_50_queries_num_samples_20_num_augmentations_5"},"1":{"0":{"iterations":[0,1,2,3,4,5,6,7,8,9,10,11,12,13,14,15,16,17,18,19,20,21,22,23,24,25,26,27,28,29,30,31,32,33,34,35,36,37,38,39,40,41,42,43,44,45,46,47,48,49,50],"test_accuracies":[0.4765478424,0.5515947467,0.5028142589,0.6538461538,0.5891181989,0.5675422139,0.7335834897,0.6679174484,0.7270168856,0.7645403377,0.7335834897,0.7729831144,0.7908067542,0.7861163227,0.7213883677,0.8114446529,0.7279549719,0.8273921201,0.808630394,0.8105065666,0.8189493433,0.8320825516,0.7917448405,0.818011257,0.7936210131,0.8133208255,0.8114446529,0.8161350844,0.787054409,0.8339587242,0.7983114447,0.8189493433,0.8292682927,0.8123827392,0.8480300188,0.8011257036,0.8330206379,0.8123827392,0.830206379,0.8311444653,0.8227016886,0.8273921201,0.8283302064,0.7382739212,0.808630394,0.8189493433,0.8236397749,0.8358348968,0.8339587242,0.8227016886,0.8386491557],"train_accuracies":[0.65,0.575,0.5833333333,0.95,0.88,0.6583333333,0.9071428571,0.95625,0.9555555556,0.975,0.9681818182,0.9708333333,0.9884615385,0.9928571429,0.9333333333,0.978125,0.9,0.9805555556,0.9631578947,0.9725,0.95,0.9818181818,0.9760869565,0.95,0.97,0.9480769231,0.9648148148,0.9678571429,0.9655172414,0.9733333333,0.9483870968,0.95,0.9575757576,0.9720588235,0.9585714286,0.9569444444,0.9635135135,0.9736842105,0.9346153846,0.96875,0.9036585366,0.9607142857,0.9686046512,0.8295454545,0.9222222222,0.9217391304,0.9276595745,0.9572916667,0.9602040816,0.968,0.9362745098],"stopping_history":[false,false,false,false,false,false,false,false,false,false,false,false,false,false,false,false,false,false,false,false,false,true,true,true,false,false,false,false,true,false,false,false,false,false,true,true,false,false,true,true,true,true,true,false,false,false,false,false,true,true,true]},"1":"AugmentedSearchSpaceExtensionQueryStrategy_BreakingTies()_50_queries_num_samples_20_num_augmentations_5"},"2":{"0":{"iterations":[0,1,2,3,4,5,6,7,8,9,10,11,12,13,14,15,16,17,18,19,20,21,22,23,24,25,26,27,28,29,30,31,32,33,34,35,36,37,38,39,40,41,42,43,44,45,46,47,48,49,50],"test_accuracies":[0.6041275797,0.5365853659,0.6454033771,0.5703564728,0.6876172608,0.5534709193,0.6557223265,0.7317073171,0.7148217636,0.7485928705,0.765478424,0.7898686679,0.818011257,0.7842401501,0.7682926829,0.7786116323,0.7682926829,0.8058161351,0.799249531,0.7711069418,0.7861163227,0.7213883677,0.8170731707,0.8151969981,0.8039399625,0.7889305816,0.8330206379,0.839587242,0.8217636023,0.799249531,0.8264540338,0.8039399625,0.564727955,0.7279549719,0.808630394,0.7711069418,0.8273921201,0.7898686679,0.7851782364,0.8067542214,0.818011257,0.8273921201,0.7926829268,0.8264540338,0.830206379,0.8236397749,0.8105065666,0.8217636023,0.8161350844,0.8114446529,0.8311444653],"train_accuracies":[1.0,0.95,0.95,0.9125,0.96,0.675,0.95,0.9625,0.9277777778,0.95,0.9772727273,0.9541666667,0.9307692308,0.9642857143,0.9766666667,0.95625,0.9617647059,0.9638888889,0.9631578947,0.94,0.9738095238,0.9431818182,0.9695652174,0.95625,0.952,0.9326923077,0.9851851852,0.9642857143,0.9637931034,0.9716666667,0.9725806452,0.971875,0.6106060606,0.8132352941,0.9771428571,0.7652777778,0.9554054054,0.8921052632,0.9307692308,0.9625,0.9487804878,0.9607142857,0.8930232558,0.9261363636,0.9577777778,0.9217391304,0.9680851064,0.9739583333,0.9673469388,0.959,0.9431372549],"stopping_history":[false,false,false,false,false,false,false,false,false,false,false,false,false,false,false,false,false,false,false,false,false,false,false,false,false,true,true,true,true,true,false,false,false,false,false,false,false,false,false,false,false,false,false,false,false,true,true,true,true,true,true]},"1":"AugmentedSearchSpaceExtensionQueryStrategy_BreakingTies()_50_queries_num_samples_20_num_augmentations_5"},"3":{"0":{"iterations":[0,1,2,3,4,5,6,7,8,9,10,11,12,13,14,15,16,17,18,19,20,21,22,23,24,25,26,27,28,29,30,31,32,33,34,35,36,37,38,39,40,41,42,43,44,45,46,47,48,49,50],"test_accuracies":[0.6106941839,0.5272045028,0.5581613508,0.6181988743,0.5994371482,0.6247654784,0.743902439,0.7317073171,0.7392120075,0.7532833021,0.7908067542,0.7786116323,0.7842401501,0.8105065666,0.7251407129,0.7983114447,0.7833020638,0.8095684803,0.796435272,0.8273921201,0.7833020638,0.7898686679,0.8245778612,0.8039399625,0.8030018762,0.7823639775,0.8151969981,0.7917448405,0.8227016886,0.8076923077,0.8123827392,0.7814258912,0.8123827392,0.8264540338,0.8161350844,0.8198874296,0.8142589118,0.8058161351,0.8217636023,0.8273921201,0.8292682927,0.8217636023,0.8189493433,0.8189493433,0.8170731707,0.8386491557,0.8142589118,0.8030018762,0.8151969981,0.8245778612,0.8161350844],"train_accuracies":[1.0,0.675,0.8166666667,0.975,0.92,0.75,0.9642857143,0.95,0.9722222222,0.96,0.9772727273,0.975,0.9807692308,0.975,0.9433333333,0.96875,0.9647058824,0.9722222222,0.9789473684,0.965,0.9714285714,0.9636363636,0.9717391304,0.9770833333,0.97,0.9653846154,0.9759259259,0.9732142857,0.974137931,0.97,0.964516129,0.9796875,0.9590909091,0.9691176471,0.94,0.9236111111,0.9689189189,0.9368421053,0.9743589744,0.97875,0.9463414634,0.919047619,0.9593023256,0.9670454545,0.94,0.9586956522,0.9425531915,0.9104166667,0.9704081633,0.949,0.9588235294],"stopping_history":[false,false,false,false,false,false,false,false,false,false,false,false,false,false,false,false,false,false,false,false,false,false,false,false,true,true,true,true,true,true,true,false,false,false,true,true,true,true,true,true,true,true,true,true,false,true,true,true,true,true,true]},"1":"AugmentedSearchSpaceExtensionQueryStrategy_BreakingTies()_50_queries_num_samples_20_num_augmentations_5"},"4":{"0":{"iterations":[0,1,2,3,4,5,6,7,8,9,10,11,12,13,14,15,16,17,18,19,20,21,22,23,24,25,26,27,28,29,30,31,32,33,34,35,36,37,38,39,40,41,42,43,44,45,46,47,48,49,50],