{"0":{"0":{"iterations":[0,1,2,3,4,5,6,7,8,9,10,11,12,13,14,15,16,17,18,19,20,21,22,23,24,25,26,27,28,29,30,31,32,33,34,35,36,37,38,39,40,41,42,43,44,45,46,47,48,49,50],"test_accuracies":[0.50352,0.5312,0.6018,0.65456,0.59988,0.65932,0.68272,0.72364,0.71284,0.70688,0.71504,0.72236,0.71908,0.69748,0.748,0.73548,0.73684,0.74668,0.74552,0.73168,0.74856,0.7342,0.72624,0.73408,0.74868,0.75844,0.76276,0.75452,0.75736,0.74516,0.74112,0.7628,0.71876,0.74408,0.76668,0.7438,0.76068,0.75556,0.764,0.74992,0.7568,0.75212,0.76188,0.76896,0.76,0.76296,0.76012,0.76224,0.77284,0.76796,0.7202],"train_accuracies":[0.65,1.0,0.9923076923,0.9973684211,1.0,0.9983870968,1.0,0.9976744186,1.0,1.0,1.0,1.0,0.9993150685,1.0,0.9994117647,0.9994505495,0.9994845361,0.9990291262,0.9986238532,1.0,0.9991735537,0.9996062992,0.9992481203,1.0,1.0,0.9993377483,0.9993630573,0.9996932515,0.998816568,0.9994285714,0.9997237569,0.9994652406,0.9997409326,1.0,0.9997560976,1.0,0.9993087558,0.9997757848,1.0,1.0,0.9993775934,0.9995951417,0.9996047431,1.0,1.0,0.9996309963,0.9998194946,0.9994699647,0.998615917,0.9996610169,0.9996677741],"kappa_average_conservative_history":[false,false,false,false,false,false,false,false,false,false,false,false,false,false,false,false,false,false,false,false,false,false,false,false,false,false,false,false,false,false,false,false,false,false,false,false,false,false,false,false,false,false,false,false,false,false,false,false,false,false],"kappa_average_middle_ground_history":[false,false,false,false,false,false,false,false,false,false,false,false,false,false,false,false,false,false,false,false,false,false,false,false,false,false,false,false,false,false,false,false,false,false,false,false,false,false,false,false,false,false,false,false,false,false,false,false,false,false],"kappa_average_aggressive_history":[false,false,false,false,false,false,false,false,false,false,false,false,false,false,false,false,false,false,false,false,false,false,false,false,false,false,false,false,false,false,false,false,false,false,false,false,false,false,false,false,false,false,false,false,false,false,false,false,false,false],"delta_f_score_conservative_history":[false,false,false,false,false,false,false,false,false,false,false,false,false,false,false,false,false,false,false,false,false,false,false,false,false,false,false,false,false,false,false,false,false,false,false,false,false,false,false,false,false,false,false,false,false,false,false,false,false,false],"delta_f_score_middle_ground_history":[false,false,false,false,false,false,false,false,false,false,false,false,false,false,false,false,false,false,false,false,false,false,false,false,false,false,false,false,false,false,false,false,false,false,false,false,false,false,false,false,false,false,false,false,false,false,false,false,false,false],"delta_f_score_aggressive_history":[false,false,false,false,false,false,false,false,false,false,false,false,false,false,false,false,false,false,false,false,false,false,false,false,false,false,false,false,false,false,false,false,false,false,false,false,false,false,false,false,false,false,false,false,false,false,false,false,false,false],"classification_change_conservative_history":[false,false,false,false,false,false,false,false,false,false,false,false,false,false,false,false,false,false,false,false,false,false,false,false,false,false,false,false,false,false,false,false,false,false,false,false,false,false,false,false,false,false,false,false,false,false,false,false,false,false],"classification_change_middle_ground_history":[false,false,false,false,false,false,false,false,false,false,false,false,false,false,false,false,false,false,false,false,false,false,false,false,false,false,false,false,false,false,false,false,false,false,false,false,false,false,false,false,false,false,false,false,false,false,false,false,false,false],"classification_change_aggressive_history":[false,false,false,false,false,false,false,false,false,false,false,false,false,false,false,false,false,false,false,false,false,false,false,false,false,false,false,false,false,false,false,false,false,false,false,false,false,false,false,false,false,false,false,false,false,false,false,false,false,false],"samples_count":[20]},"1":"AugmentedOutcomesQueryStrategy_BreakingTies()_50_queries_num_samples_20_num_augmentations_5"}}