{"0":{"0":{"iterations":[0,1,2,3,4,5,6,7,8,9,10,11,12,13,14,15,16,17,18,19,20,21,22,23,24,25,26,27,28,29,30,31,32,33,34,35,36,37,38,39,40,41,42,43,44,45,46,47,48,49,50],"test_accuracies":[0.50352,0.5312,0.6018,0.65456,0.59988,0.65932,0.68272,0.72364,0.71284,0.70688,0.71504,0.72236,0.71908,0.69748,0.748,0.73548,0.73684,0.74668,0.74552,0.73168,0.74856,0.7342,0.72624,0.73408,0.74868,0.75844,0.76276,0.75452,0.75736,0.74516,0.74112,0.7628,0.71876,0.74408,0.76668,0.7438,0.76068,0.75556,0.764,0.74992,0.7568,0.75212,0.76188,0.76896,0.76,0.76296,0.76012,0.76224,0.77284,0.76796,0.7202],"train_accuracies":[0.65,1.0,0.9923076923,0.9973684211,1.0,0.9983870968,1.0,0.9976744186,1.0,1.0,1.0,1.0,0.9993150685,1.0,0.9994117647,0.9994505495,0.9994845361,0.9990291262,0.9986238532,1.0,0.9991735537,0.9996062992,0.9992481203,1.0,1.0,0.9993377483,0.9993630573,0.9996932515,0.998816568,0.9994285714,0.9997237569,0.9994652406,0.9997409326,1.0,0.9997560976,1.0,0.9993087558,0.9997757848,1.0,1.0,0.9993775934,0.9995951417,0.9996047431,1.0,1.0,0.9996309963,0.9998194946,0.9994699647,0.998615917,0.9996610169,0.9996677741],"kappa_average_conservative_history":[false,false,false,false,false,false,false,false,false,false,false,false,false,false,false,false,false,false,false,false,false,false,false,false,false,false,false,false,false,false,false,false,false,false,false,false,false,false,false,false,false,false,false,false,false,false,false,false,false,false],"kappa_average_middle_ground_history":[false,false,false,false,false,false,false,false,false,false,false,false,false,false,false,false,false,false,false,false,false,false,false,false,false,false,false,false,false,false,false,false,false,false,false,false,false,false,false,false,false,false,false,false,false,false,false,false,false,false],"kappa_average_aggressive_history":[false,false,false,false,false,false,false,false,false,false,false,false,false,false,false,false,false,false,false,false,false,false,false,false,false,false,false,false,false,false,false,false,false,false,false,false,false,false,false,false,false,false,false,false,false,false,false,false,false,false],"delta_f_score_conservative_history":[false,false,false,false,false,false,false,false,false,false,false,false,false,false,false,false,false,false,false,false,false,false,false,false,false,false,false,false,false,false,false,false,false,false,false,false,false,false,false,false,false,false,false,false,false,false,false,false,false,false],"delta_f_score_middle_ground_history":[false,false,false,false,false,false,false,false,false,false,false,false,false,false,false,false,false,false,false,false,false,false,false,false,false,false,false,false,false,false,false,false,false,false,false,false,false,false,false,false,false,false,false,false,false,false,false,false,false,false],"delta_f_score_aggressive_history":[false,false,false,false,false,false,false,false,false,false,false,false,false,false,false,false,false,false,false,false,false,false,false,false,false,false,false,false,false,false,false,false,false,false,false,false,false,false,false,false,false,false,false,false,false,false,false,false,false,false],"classification_change_conservative_history":[false,false,false,false,false,false,false,false,false,false,false,false,false,false,false,false,false,false,false,false,false,false,false,false,false,false,false,false,false,false,false,false,false,false,false,false,false,false,false,false,false,false,false,false,false,false,false,false,false,false],"classification_change_middle_ground_history":[false,false,false,false,false,false,false,false,false,false,false,false,false,false,false,false,false,false,false,false,false,false,false,false,false,false,false,false,false,false,false,false,false,false,false,false,false,false,false,false,false,false,false,false,false,false,false,false,false,false],"classification_change_aggressive_history":[false,false,false,false,false,false,false,false,false,false,false,false,false,false,false,false,false,false,false,false,false,false,false,false,false,false,false,false,false,false,false,false,false,false,false,false,false,false,false,false,false,false,false,false,false,false,false,false,false,false],"samples_count":[20]},"1":"AugmentedOutcomesQueryStrategy_BreakingTies()_50_queries_num_samples_20_num_augmentations_5"},"1":{"0":{"iterations":[0,1,2,3,4,5,6,7,8,9,10,11,12,13,14,15,16,17,18,19,20,21,22,23,24,25,26,27,28,29,30,31,32,33,34,35,36,37,38,39,40,41,42,43,44,45,46,47,48,49,50],"test_accuracies":[0.50036,0.5392,0.55424,0.60608,0.6272,0.66252,0.65016,0.6898,0.68956,0.67808,0.70852,0.7406,0.75808,0.73156,0.681,0.74304,0.72104,0.72712,0.73108,0.7566,0.71856,0.72324,0.74084,0.74048,0.72616,0.74292,0.76292,0.76928,0.75924,0.75404,0.77248,0.76596,0.74608,0.74932,0.76924,0.77696,0.7586,0.74808,0.66092,0.75516,0.76708,0.77784,0.763,0.75352,0.77808,0.77084,0.77816,0.7574,0.7608,0.76164,0.7692],"train_accuracies":[0.65,0.9714285714,0.9961538462,0.9973684211,1.0,0.9951612903,0.9959459459,0.9965116279,0.9979591837,0.9990909091,0.9983606557,1.0,0.998630137,0.9987341772,0.9982352941,0.9989010989,1.0,0.9995145631,0.9995412844,1.0,0.9995867769,1.0,0.9996240602,1.0,1.0,1.0,1.0,1.0,1.0,0.9997142857,1.0,0.999197861,1.0,0.9994974874,1.0,0.9997630332,1.0,0.9997757848,0.9995633188,1.0,0.9993775934,0.9997975709,0.9994071146,0.9998069498,0.9998113208,1.0,1.0,0.9998233216,0.9998269896,0.9994915254,0.999833887],"kappa_average_conservative_history":[false,false,false,false,false,false,false,false,false,false,false,false,false,false,false,false,false,false,false,false,false,false,false,false,false,false,false,false,false,false,false,false,false,false,false,false,false,false,false,false,false,false,false,false,false,false,false,false,false,false],"kappa_average_middle_ground_history":[false,false,false,false,false,false,false,false,false,false,false,false,false,false,false,false,false,false,false,false,false,false,false,false,false,false,false,false,false,false,false,false,false,false,false,false,false,false,false,false,false,false,false,false,false,false,false,false,false,false],"kappa_average_aggressive_history":[false,false,false,false,false,false,false,false,false,false,false,false,false,false,false,false,false,false,false,false,false,false,false,false,false,false,false,false,false,false,false,false,false,false,false,false,false,false,false,false,false,false,false,false,false,false,false,false,false,false],"delta_f_score_conservative_history":[false,false,false,false,false,false,false,false,false,false,false,false,false,false,false,false,false,false,false,false,false,false,false,false,false,false,false,false,false,false,false,false,false,false,false,false,false,false,false,false,false,false,false,false,false,false,false,false,false,false],"delta_f_score_middle_ground_history":[false,false,false,false,false,false,false,false,false,false,false,false,false,false,false,false,false,false,false,false,false,false,false,false,false,false,false,false,false,false,false,false,false,false,false,false,false,false,false,false,false,false,false,false,false,false,false,false,false,false],"delta_f_score_aggressive_history":[false,false,false,false,false,false,false,false,false,false,false,false,false,false,false,false,false,false,false,false,false,false,false,false,false,false,false,false,false,false,false,false,false,false,false,false,false,false,false,false,false,false,false,false,false,false,false,false,false,false],"classification_change_conservative_history":[false,false,false,false,false,false,false,false,false,false,false,false,false,false,false,false,false,false,false,false,false,false,false,false,false,false,false,false,false,false,false,false,false,false,false,false,false,false,false,false,false,false,false,false,false,false,false,false,false,false],