{"0":{"0":{"iterations":[0,1,2,3,4,5,6,7,8,9,10,11,12,13,14,15,16,17,18,19,20,21,22,23,24,25,26,27,28,29,30,31,32,33,34,35,36,37,38,39,40,41,42,43,44,45,46,47,48,49,50],"test_accuracies":[0.51656,0.54088,0.51096,0.50088,0.52228,0.58724,0.5204,0.55532,0.5638,0.53736,0.54056,0.57572,0.58036,0.54408,0.52464,0.58592,0.58864,0.56652,0.59556,0.65504,0.60292,0.6528,0.5906,0.6218,0.59432,0.61136,0.60048,0.62868,0.67576,0.59312,0.71108,0.6798,0.70668,0.6896,0.65468,0.7258,0.60392,0.72224,0.69788,0.62712,0.71036,0.69508,0.75116,0.716,0.75372,0.72956,0.72064,0.71292,0.6544,0.72688,0.7386],"train_accuracies":[0.85,0.625,0.7833333333,0.4875,0.81,0.775,0.7214285714,0.7125,0.6555555556,0.705,0.7681818182,0.7166666667,0.85,0.7821428571,0.75,0.775,0.7411764706,0.8194444444,0.95,0.975,0.8595238095,0.8590909091,0.9043478261,0.9604166667,0.798,0.9442307692,0.7851851852,0.8678571429,0.9396551724,0.8066666667,0.8887096774,0.890625,0.9590909091,0.9014705882,0.8757142857,0.9152777778,0.8567567568,0.9815789474,0.8974358974,0.84375,0.9536585366,0.919047619,0.9744186047,0.9261363636,0.9511111111,0.9391304348,0.9393617021,0.9114583333,0.8795918367,0.922,0.9529411765],"kappa_average_conservative_history":[false,false,false,false,false,false,false,false,false,false,false,false,false,false,false,false,false,false,false,false,false,false,false,false,false,false,false,false,false,false,false,false,false,false,false,false,false,false,false,false,false,false,false,false,false,false,false,false,false,false],"kappa_average_middle_ground_history":[false,false,false,false,false,false,false,false,false,false,false,false,false,false,false,false,false,false,false,false,false,false,false,false,false,false,false,false,false,false,false,false,false,false,false,false,false,false,false,false,false,false,false,false,false,false,false,false,false,false],"kappa_average_aggressive_history":[false,false,false,false,false,false,false,false,false,false,false,false,false,false,false,false,false,false,false,false,false,false,false,false,false,false,false,false,false,false,false,false,false,false,false,false,false,false,false,false,false,false,false,false,false,false,false,false,false,false],"delta_f_score_conservative_history":[false,false,false,false,false,false,false,false,false,false,false,false,false,false,false,false,false,false,false,false,false,false,false,false,false,false,false,false,false,false,false,false,false,false,false,false,false,false,false,false,false,false,false,false,false,false,false,false,false,false],"delta_f_score_middle_ground_history":[false,false,false,false,false,false,false,false,false,false,false,false,false,false,false,false,false,false,false,false,false,false,false,false,false,false,false,false,false,false,false,false,false,false,false,false,false,false,false,false,false,false,false,false,false,false,false,false,false,false],"delta_f_score_aggressive_history":[false,false,false,false,false,false,false,false,false,false,false,false,false,false,false,false,false,false,false,false,false,false,false,false,false,false,false,false,false,false,false,false,false,false,false,false,false,false,false,false,false,false,false,false,false,false,false,false,false,false],"classification_change_conservative_history":[false,false,false,false,false,false,false,false,false,false,false,false,false,false,false,false,false,false,false,false,false,false,false,false,false,false,false,false,false,false,false,false,false,false,false,false,false,false,false,false,false,false,false,false,false,false,false,false,false,false],"classification_change_middle_ground_history":[false,false,false,false,false,false,false,false,false,false,false,false,false,false,false,false,false,false,false,false,false,false,false,false,false,false,false,false,false,false,false,false,false,false,false,false,false,false,false,false,false,false,false,false,false,false,false,false,false,false],"classification_change_aggressive_history":[false,false,false,false,false,false,false,false,false,true,false,false,false,false,false,false,false,false,false,false,false,false,false,false,false,false,false,false,false,false,false,false,false,false,false,false,false,false,false,false,false,false,false,false,false,false,false,false,false,false],"samples_count":[20]},"1":"AverageAcrossAugmentedQueryStrategy_BreakingTies()_50_queries_num_samples_20_num_augmentations_5"}}