{"0":{"0":{"iterations":[0,1,2,3,4,5,6,7,8,9,10,11,12,13,14,15,16,17,18,19,20,21,22,23,24,25,26,27,28,29,30,31,32,33,34,35,36,37,38,39,40,41,42,43,44,45,46,47,48,49,50],"test_accuracies":[0.5694183865,0.5009380863,0.660412758,0.5759849906,0.6210131332,0.6866791745,0.6463414634,0.6088180113,0.7382739212,0.7579737336,0.7373358349,0.7889305816,0.7889305816,0.7485928705,0.7954971857,0.8048780488,0.7457786116,0.8105065666,0.7898686679,0.8114446529,0.7476547842,0.7833020638,0.7739212008,0.8095684803,0.7682926829,0.8208255159,0.722326454,0.7917448405,0.6988742964,0.7983114447,0.8030018762,0.7598499062,0.7983114447,0.8114446529,0.818011257,0.7973733583,0.808630394,0.8105065666,0.8030018762,0.8030018762,0.7729831144,0.8020637899,0.8189493433,0.8142589118,0.7973733583,0.8114446529,0.8048780488,0.7720450281,0.808630394,0.8142589118,0.8123827392],"train_accuracies":[0.6,0.6,0.9833333333,0.8375,0.96,0.975,0.9214285714,0.85,0.9611111111,0.97,0.9545454545,0.9375,0.9730769231,0.9535714286,0.9766666667,0.9625,0.9588235294,0.975,0.9657894737,0.9725,0.8833333333,0.9727272727,0.9608695652,0.9791666667,0.958,0.9615384615,0.8462962963,0.9732142857,0.8086206897,0.965,0.8725806452,0.9140625,0.9621212121,0.9647058824,0.9614285714,0.9527777778,0.9405405405,0.9631578947,0.8692307692,0.9325,0.9219512195,0.9,0.9755813953,0.9693181818,0.9111111111,0.9684782609,0.8627659574,0.8854166667,0.9663265306,0.958,0.9480392157],"stopping_history":[false,false,false,false,false,false,false,false,false,false,false,false,false,false,false,false,false,false,false,false,false,false,false,false,false,false,false,false,false,false,false,false,false,false,false,true,true,true,true,false,false,false,false,false,true,true,true,false,false,false,false]},"1":"BreakingTies_BreakingTies()_50_queries_num_samples_20_num_augmentations_5"},"1":{"0":{"iterations":[0,1,2,3,4,5,6,7,8,9,10,11,12,13,14,15,16,17,18,19,20,21,22,23,24,25,26,27,28,29,30,31,32,33,34,35,36,37,38,39,40,41,42,43,44,45,46,47,48,49,50],"test_accuracies":[0.5,0.5909943715,0.6163227017,0.6350844278,0.6754221388,0.681988743,0.6632270169,0.7523452158,0.7682926829,0.7307692308,0.7382739212,0.7664165103,0.7664165103,0.7954971857,0.7898686679,0.7898686679,0.8142589118,0.7889305816,0.8330206379,0.8170731707,0.7926829268,0.808630394,0.8245778612,0.8123827392,0.7936210131,0.7532833021,0.8255159475,0.8133208255,0.7973733583,0.818011257,0.8161350844,0.8367729831,0.818011257,0.8161350844,0.8330206379,0.8217636023,0.777673546,0.8208255159,0.8358348968,0.8076923077,0.8067542214,0.8320825516,0.8142589118,0.8208255159,0.8273921201,0.8227016886,0.7983114447,0.7973733583,0.8217636023,0.7429643527,0.8245778612],"train_accuracies":[0.5,0.925,0.9333333333,0.95,0.99,0.925,0.9357142857,0.94375,0.95,0.98,0.9454545455,0.975,0.9653846154,0.975,0.9766666667,0.96875,0.9294117647,0.975,0.9710526316,0.9675,0.9214285714,0.9431818182,0.9586956522,0.9625,0.966,0.9576923077,0.95,0.9642857143,0.9844827586,0.9616666667,0.9580645161,0.9765625,0.9666666667,0.9647058824,0.9657142857,0.9625,0.9432432432,0.9381578947,0.9333333333,0.9625,0.8963414634,0.9642857143,0.9476744186,0.8852272727,0.9466666667,0.8608695652,0.9446808511,0.9270833333,0.9306122449,0.747,0.9264705882],"stopping_history":[false,false,false,false,false,false,false,false,false,false,false,false,false,false,false,false,false,false,false,false,false,false,false,false,false,false,false,false,false,false,false,false,true,true,true,true,false,false,false,false,true,false,true,true,true,true,true,true,true,false,false]},"1":"BreakingTies_BreakingTies()_50_queries_num_samples_20_num_augmentations_5"},"2":{"0":{"iterations":[0,1,2,3,4,5,6,7,8,9,10,11,12,13,14,15,16,17,18,19,20,21,22,23,24,25,26,27,28,29,30,31,32,33,34,35,36,37,38,39,40,41,42,43,44,45,46,47,48,49,50],"test_accuracies":[0.4962476548,0.6407129456,0.5656660413,0.5994371482,0.6294559099,0.6135084428,0.6275797373,0.6660412758,0.7166979362,0.6801125704,0.6688555347,0.7748592871,0.6848030019,0.7842401501,0.7898686679,0.8048780488,0.808630394,0.8020637899,0.8151969981,0.8123827392,0.7889305816,0.808630394,0.8255159475,0.8142589118,0.8048780488,0.8058161351,0.8217636023,0.8048780488,0.8255159475,0.787054409,0.7045028143,0.8011257036,0.7954971857,0.8161350844,0.5459662289,0.818011257,0.8095684803,0.8076923077,0.8217636023,0.8142589118,0.8123827392,0.818011257,0.8076923077,0.8283302064,0.8330206379,0.8170731707,0.8198874296,0.830206379,0.8151969981,0.8264540338,0.8255159475],"train_accuracies":[0.6,1.0,0.9666666667,0.9,0.94,0.85,0.9357142857,0.9,0.9611111111,0.945,0.8863636364,0.9791666667,0.9,0.9571428571,0.9666666667,0.96875,0.9735294118,0.975,0.9684210526,0.9,0.9380952381,0.975,0.9608695652,0.9729166667,0.978,0.9730769231,0.9611111111,0.9732142857,0.9655172414,0.965,0.8112903226,0.9671875,0.9666666667,0.9367647059,0.55,0.9666666667,0.9635135135,0.9618421053,0.9679487179,0.97625,0.9597560976,0.9535714286,0.9209302326,0.9647727273,0.98,0.95,0.9734042553,0.96875,0.9173469388,0.936,0.9617647059],"stopping_history":[false,false,false,false,false,false,false,false,false,false,false,false,false,false,false,false,false,false,false,false,false,false,true,true,false,false,false,true,true,true,false,false,false,false,false,false,false,false,true,true,true,true,true,true,true,true,true,true,true,true,true]},"1":"BreakingTies_BreakingTies()_50_queries_num_samples_20_num_augmentations_5"},"3":{"0":{"iterations":[0,1,2,3,4,5,6,7,8,9,10,11,12,13,14,15,16,17,18,19,20,21,22,23,24,25,26,27,28,29,30,31,32,33,34,35,36,37,38,39,40,41,42,43,44,45,46,47,48,49,50],"test_accuracies":[0.5347091932,0.5497185741,0.5,0.6557223265,0.4990619137,0.5,0.6529080675,0.7232645403,0.7701688555,0.7579737336,0.7701688555,0.7213883677,0.7983114447,0.8030018762,0.8067542214,0.7729831144,0.5,0.8151969981,0.8123827392,0.8189493433,0.8142589118,0.7973733583,0.8133208255,0.8123827392,0.8217636023,0.8292682927,0.8264540338,0.8048780488,0.7851782364,0.8292682927,0.8283302064,0.8095684803,0.8358348968,0.8320825516,0.8076923077,0.7926829268,0.8161350844,0.7551594747,0.8273921201,0.8217636023,0.8264540338,0.830206379,0.830206379,0.8292682927,0.8283302064,0.8348968105,0.8273921201,0.8151969981,0.830206379,0.8151969981,0.8011257036],"train_accuracies":[0.95,0.975,0.6,0.9625,0.56,0.675,0.8428571429,0.975,0.9777777778,0.975,0.9681818182,0.9083333333,0.9653846154,0.9785714286,0.9733333333,0.96875,0.5647058824,0.9694444444,0.9421052632,0.965,0.980952381,0.9704545455,0.9543478261,0.98125,0.964,0.9826923077,0.9759259259,0.9625,0.9655172414,0.9716666667,0.8967741935,0.9734375,0.9727272727,0.9661764706,0.9471428571,0.9541666667,0.9702702703,0.8026315789,0.9628205128,0.93375,0.9719512195,0.9642857143,0.9639534884,0.9659090909,0.97,0.9641304348,0.9670212766,0.9635416667,0.9551020408,0.94,0.8931372549],"stopping_history":[false,false,false,false,false,false,false,false,false,false,false,false,false,false,false,false,false,false,false,false,true,true,false,false,false,true,true,true,true,true,true,true,true,true,true,false,false,false,false,false,false,true,true,true,true,true,true,true,true,true,true]},"1":"BreakingTies_BreakingTies()_50_queries_num_samples_20_num_augmentations_5"},"4":{"0":{"iterations":[0,1,2,3,4,5,6,7,8,9,10,11,12,13,14,15,16,17,18,19,20,21,22,23,24,25,26,27,28,29,30,31,32,33,34,35,36,37,38,39,40,41,42,43,44,45,46,47,48,49,50],"test_accuracies":[0.5722326454,0.5553470919,0.5778611632,0.6031894934,0.6575984991,0.6219512195,0.669793621,0.7701688555,0.7260787992,0.8020637899,0.7739212008,0.8067542214,0.7410881801,0.5159474672,0.7898686679,0.8030018762,0.8189493433,0.799249531,0.7842401501,0.8076923077,0.8142589118,0.8020637899,0.7861163227,0.8198874296,0.8189493433,0.8283302064,0.7954971857,0.8151969981,0.7579737336,0.8283302064,0.8311444653,0.8020637899,0.8198874296,0.8123827392,0.8189493433,0.8339587242,0.8386491557,0.8217636023,0.8273921201,0.8170731707,0.808630394,0.8245778612,0.7917448405,0.796435272,0.8320825516,0.8255159475,0.8217636023,0.8339587242,0.8189493433,0.8208255159,0.8255159475],