{"0":{"0":{"0":{"0":{"0":{"iterations":[0,1,2,3,4,5,6,7,8,9,10,11,12,13,14,15,16,17,18,19,20,21,22,23,24,25,26,27,28,29,30,31,32,33,34,35,36,37,38,39,40,41,42,43,44,45,46,47,48,49,50],"test_accuracies":[0.4984,0.53784,0.50616,0.61396,0.6362,0.55584,0.63164,0.64144,0.50656,0.64216,0.63764,0.61224,0.70256,0.6492,0.71312,0.64832,0.62216,0.71012,0.67644,0.71608,0.69508,0.64028,0.68492,0.76424,0.75296,0.7408,0.75872,0.65124,0.7608,0.75412,0.7674,0.76148,0.75616,0.75392,0.75312,0.76572,0.76428,0.6762,0.73504,0.76156,0.72544,0.75136,0.76476,0.7672,0.77156,0.71564,0.75404,0.7174,0.77624,0.73472,0.76272],"train_accuracies":[0.6,0.9,0.7166666667,0.9375,0.93,0.9,0.9357142857,0.95625,0.5611111111,0.88,0.8545454545,0.9416666667,0.9538461538,0.9321428571,0.95,0.953125,0.8058823529,0.9555555556,0.9605263158,0.97,0.9547619048,0.8386363636,0.952173913,0.9479166667,0.938,0.9480769231,0.9648148148,0.8839285714,0.9637931034,0.955,0.9564516129,0.9640625,0.9590909091,0.9308823529,0.9414285714,0.9666666667,0.9662162162,0.8578947368,0.8782051282,0.965,0.943902439,0.9666666667,0.9662790698,0.8965909091,0.9677777778,0.8402173913,0.9563829787,0.8927083333,0.9469387755,0.903,0.8147058824],"kappa_average_conservative_history":[false,false,false,false,false,false,false,false,false,false,false,false,false,false,false,false,false,false,false,false,false,false,false,false,false,false,false,false,false,false,false,false,false,false,false,false,false,false,false,false,false,false,false,false,false,false,false,false,false,false],"kappa_average_middle_ground_history":[false,false,false,false,false,false,false,false,false,false,false,false,false,false,false,false,false,false,false,false,false,false,false,false,false,false,false,false,false,false,false,false,false,false,false,false,false,false,false,false,false,false,false,false,false,false,false,false,false,false],"kappa_average_aggressive_history":[false,false,false,false,false,false,false,false,false,false,false,false,false,false,false,false,false,false,false,false,false,false,false,false,false,false,false,false,false,false,false,false,false,false,false,false,false,false,false,false,false,false,false,false,false,false,false,false,false,false],"delta_f_score_conservative_history":[false,false,false,false,false,false,false,false,false,false,false,false,false,false,false,false,false,false,false,false,false,false,false,false,false,false,false,false,false,false,false,false,false,false,false,false,false,false,false,false,false,false,false,false,false,false,false,false,false,false],"delta_f_score_middle_ground_history":[false,false,false,false,false,false,false,false,false,false,false,false,false,false,false,false,false,false,false,false,false,false,false,false,false,false,false,false,false,false,false,false,false,false,false,false,false,false,false,false,false,false,false,false,false,false,false,false,false,false],"delta_f_score_aggressive_history":[false,false,false,false,false,false,false,false,false,false,false,false,false,false,false,false,false,false,false,false,false,false,false,false,false,false,false,false,false,false,false,false,false,false,false,false,false,false,false,false,false,false,false,false,false,false,false,false,false,false],"classification_change_conservative_history":[false,false,false,false,false,false,false,false,false,false,false,false,false,false,false,false,false,false,false,false,false,false,false,false,false,false,false,false,false,false,false,false,false,false,false,false,false,false,false,false,false,false,false,false,false,false,false,false,false,false],"classification_change_middle_ground_history":[false,false,false,false,false,false,false,false,false,false,false,false,false,false,false,false,false,false,false,false,false,false,false,false,false,false,false,false,false,false,false,false,false,false,false,false,false,false,false,false,false,false,false,false,false,false,false,false,false,false],"classification_change_aggressive_history":[false,false,false,false,false,false,false,false,false,false,false,false,false,false,false,false,false,false,false,false,false,false,false,false,false,false,false,false,false,false,true,false,false,false,false,false,false,false,false,false,false,false,false,false,false,false,false,false,false,false],"samples_count":[20]},"1":"AugmentedSearchSpaceExtensionQueryStrategy_BreakingTies()_50_queries_num_samples_20_num_augmentations_5"}}}},"1":{"0":{"0":{"0":[{"iterations":[0,1,2,3,4,5],"test_accuracies":[0.50256,0.53268,0.50248,0.50144,0.50004,0.57544],"train_accuracies":[0.55,0.9545454545,0.4583333333,0.7307692308,0.6071428571,0.9333333333],"kappa_average_conservative_history":[],"kappa_average_middle_ground_history":[],"kappa_average_aggressive_history":[],"delta_f_score_conservative_history":[],"delta_f_score_middle_ground_history":[],"delta_f_score_aggressive_history":[],"classification_change_conservative_history":[],"classification_change_middle_ground_history":[],"classification_change_aggressive_history":[],"samples_count":[20]},"AugmentedSearchSpaceExtensionQueryStrategy_BreakingTies()_5_queries_num_samples_2_num_augmentations_2"]}}},"2":{"0":{"0":[{"iterations":[0,1,2,3,4,5],"test_accuracies":[0.50128,0.51008,0.51212,0.5108,0.52464,0.491],"train_accuracies":[0.55,0.5909090909,0.9166666667,0.5,0.8928571429,0.7],"kappa_average_conservative_history":[],"kappa_average_middle_ground_history":[],"kappa_average_aggressive_history":[],"delta_f_score_conservative_history":[],"delta_f_score_middle_ground_history":[],"delta_f_score_aggressive_history":[],"classification_change_conservative_history":[],"classification_change_middle_ground_history":[],"classification_change_aggressive_history":[],"samples_count":[20]},"AugmentedSearchSpaceExtensionQueryStrategy_BreakingTies()_5_queries_num_samples_2_num_augmentations_2"]}},"3":{"0":[{"iterations":[0,1,2,3,4,5],"test_accuracies":[0.48936,0.53932,0.53076,0.4894,0.5222,0.52452],"train_accuracies":[0.95,0.9545454545,0.9583333333,0.8461538462,0.9642857143,0.7666666667],"kappa_average_conservative_history":[],"kappa_average_middle_ground_history":[],"kappa_average_aggressive_history":[],"delta_f_score_conservative_history":[],"delta_f_score_middle_ground_history":[],"delta_f_score_aggressive_history":[],"classification_change_conservative_history":[],"classification_change_middle_ground_history":[],"classification_change_aggressive_history":[],"samples_count":[20]},"AugmentedSearchSpaceExtensionQueryStrategy_BreakingTies()_5_queries_num_samples_2_num_augmentations_2"]}}