{"0":{"0":{"iterations":[0,1,2,3,4,5,6,7,8,9,10,11,12,13,14,15,16,17,18,19,20,21,22,23,24,25,26,27,28,29,30,31,32,33,34,35,36,37,38,39,40,41,42,43,44,45,46,47,48,49,50],"test_accuracies":[0.5694183865,0.5562851782,0.5103189493,0.5187617261,0.6519699812,0.6801125704,0.7120075047,0.7589118199,0.6754221388,0.7326454034,0.8011257036,0.787054409,0.7757973734,0.7973733583,0.8067542214,0.7307692308,0.7729831144,0.8198874296,0.8011257036,0.7851782364,0.8189493433,0.8048780488,0.8245778612,0.818011257,0.7692307692,0.8198874296,0.8198874296,0.8227016886,0.7945590994,0.8245778612,0.7898686679,0.799249531,0.8076923077,0.7288930582,0.8236397749,0.8133208255,0.8151969981,0.7879924953,0.8058161351,0.8264540338,0.8198874296,0.8264540338,0.808630394,0.8367729831,0.8386491557,0.5018761726,0.8377110694,0.8339587242,0.8339587242,0.8358348968,0.8236397749],"train_accuracies":[0.95,0.925,0.8333333333,0.775,0.93,0.95,0.9,0.975,0.9333333333,0.955,0.9772727273,0.975,0.95,0.9678571429,0.97,0.940625,0.9470588235,0.9611111111,0.9526315789,0.9675,0.9595238095,0.9545454545,0.9673913043,0.9729166667,0.922,0.9711538462,0.9759259259,0.9446428571,0.8965517241,0.9683333333,0.9725806452,0.875,0.9681818182,0.8470588235,0.9328571429,0.9291666667,0.9689189189,0.9618421053,0.8948717949,0.9575,0.9048780488,0.9535714286,0.9395348837,0.9568181818,0.9544444444,0.5326086957,0.9627659574,0.971875,0.956122449,0.946,0.9519607843],"stopping_history":[false,false,false,false,false,false,false,false,false,false,false,false,false,false,false,false,false,false,false,false,false,false,false,true,false,false,false,true,true,false,false,false,false,false,false,false,false,true,false,false,false,true,true,true,true,false,false,false,false,true,true]},"1":"AugmentedSearchSpaceExtensionQueryStrategy_BreakingTies()_50_queries_num_samples_20_num_augmentations_5"},"1":{"0":{"iterations":[0,1,2,3,4,5,6,7,8,9,10,11,12,13,14,15,16,17,18,19,20,21,22,23,24,25,26,27,28,29,30,31,32,33,34,35,36,37,38,39,40,41,42,43,44,45,46,47,48,49,50],"test_accuracies":[0.5928705441,0.6191369606,0.6622889306,0.6801125704,0.6923076923,0.765478424,0.6791744841,0.6688555347,0.7579737336,0.7692307692,0.7138836773,0.7504690432,0.8058161351,0.7232645403,0.7823639775,0.7711069418,0.8039399625,0.8189493433,0.7185741088,0.7720450281,0.8105065666,0.7861163227,0.8114446529,0.8142589118,0.8198874296,0.7861163227,0.8236397749,0.8198874296,0.8292682927,0.8076923077,0.8208255159,0.8123827392,0.8114446529,0.8151969981,0.8198874296,0.818011257,0.8227016886,0.796435272,0.818011257,0.7851782364,0.818011257,0.8264540338,0.8151969981,0.7954971857,0.8339587242,0.7645403377,0.7804878049,0.8217636023,0.8170731707,0.8283302064,0.818011257],"train_accuracies":[1.0,0.975,0.9833333333,0.975,0.98,0.9666666667,0.9428571429,0.84375,0.9722222222,0.96,0.9727272727,0.9458333333,0.9615384615,0.925,0.97,0.975,0.9823529412,0.9666666667,0.9026315789,0.915,0.980952381,0.9590909091,0.9717391304,0.9791666667,0.97,0.9653846154,0.962962963,0.9714285714,0.975862069,0.965,0.9709677419,0.91875,0.9742424242,0.9720588235,0.97,0.9833333333,0.9391891892,0.95,0.9730769231,0.94875,0.9597560976,0.9595238095,0.9581395349,0.9261363636,0.96,0.9108695652,0.864893617,0.9625,0.9540816327,0.953,0.9450980392],"stopping_history":[false,false,false,false,false,false,false,false,false,false,false,false,false,false,false,false,false,false,false,false,false,false,false,false,false,false,false,false,true,true,true,true,true,true,true,true,true,true,false,false,false,false,true,true,true,false,false,false,false,true,true]},"1":"AugmentedSearchSpaceExtensionQueryStrategy_BreakingTies()_50_queries_num_samples_20_num_augmentations_5"},"2":{"0":{"iterations":[0,1,2,3,4,5,6,7,8,9,10,11,12,13,14,15,16,17,18,19,20,21,22,23,24,25,26,27,28,29,30,31,32,33,34,35,36,37,38,39,40,41,42,43,44,45,46,47,48,49,50],"test_accuracies":[0.5056285178,0.5787992495,0.6322701689,0.6491557223,0.6322701689,0.7532833021,0.7195121951,0.734521576,0.7814258912,0.7898686679,0.7842401501,0.7579737336,0.7682926829,0.5853658537,0.7851782364,0.7945590994,0.8011257036,0.7739212008,0.8058161351,0.7926829268,0.8030018762,0.7936210131,0.8123827392,0.799249531,0.8161350844,0.7851782364,0.8030018762,0.8058161351,0.5787992495,0.8011257036,0.8133208255,0.818011257,0.8030018762,0.8189493433,0.796435272,0.8227016886,0.8095684803,0.8339587242,0.7908067542,0.8283302064,0.8255159475,0.796435272,0.8330206379,0.7157598499,0.7983114447,0.8048780488,0.8273921201,0.8273921201,0.8170731707,0.6397748593,0.8151969981],"train_accuracies":[0.65,0.85,0.9666666667,0.875,0.88,0.9666666667,0.9642857143,0.95625,0.9555555556,0.96,0.9909090909,0.9708333333,0.9692307692,0.7071428571,0.9766666667,0.971875,0.9647058824,0.9638888889,0.9578947368,0.9175,0.9761904762,0.9681818182,0.9760869565,0.9770833333,0.974,0.9730769231,0.9574074074,0.9267857143,0.6172413793,0.9683333333,0.9564516129,0.9484375,0.9666666667,0.9617647059,0.9585714286,0.9680555556,0.8891891892,0.9631578947,0.8358974359,0.97125,0.9597560976,0.8702380952,0.961627907,0.8034090909,0.9688888889,0.9565217391,0.9659574468,0.9510416667,0.9408163265,0.648,0.9029411765],"stopping_history":[false,false,false,false,false,false,false,false,false,false,false,false,false,false,false,false,false,false,false,false,false,false,false,false,true,true,false,false,false,false,false,false,false,true,true,true,false,false,false,false,false,false,false,false,false,false,false,false,true,false,false]},"1":"AugmentedSearchSpaceExtensionQueryStrategy_BreakingTies()_50_queries_num_samples_20_num_augmentations_5"},"3":{"0":{"iterations":[0,1,2,3,4,5,6,7,8,9,10,11,12,13,14,15,16,17,18,19,20,21,22,23,24,25,26,27,28,29,30,31,32,33,34,35,36,37,38,39,40,41,42,43,44,45,46,47,48,49,50],"test_accuracies":[0.5328330206,0.5112570356,0.5797373358,0.605065666,0.5506566604,0.6688555347,0.6791744841,0.7420262664,0.7251407129,0.7457786116,0.7589118199,0.7570356473,0.7617260788,0.7626641651,0.7879924953,0.7692307692,0.818011257,0.6360225141,0.7936210131,0.7823639775,0.7945590994,0.8105065666,0.8001876173,0.7954971857,0.8217636023,0.8105065666,0.8273921201,0.8227016886,0.796435272,0.8123827392,0.8067542214,0.8264540338,0.8170731707,0.8227016886,0.8170731707,0.7795497186,0.8227016886,0.7889305816,0.8095684803,0.808630394,0.8311444653,0.8151969981,0.818011257,0.8292682927,0.8161350844,0.8105065666,0.8189493433,0.8123827392,0.8170731707,0.8320825516,0.8123827392],"train_accuracies":[0.75,0.975,0.95,0.8875,0.67,0.9666666667,0.9857142857,0.96875,0.9555555556,0.95,0.9954545455,0.9458333333,0.9576923077,0.9607142857,0.9266666667,0.965625,0.9794117647,0.7,0.9421052632,0.935,0.9595238095,0.9681818182,0.9586956522,0.925,0.96,0.9461538462,0.9777777778,0.9625,0.975862069,0.945,0.9177419355,0.9390625,0.9621212121,0.9088235294,0.95,0.9,0.9608108108,0.8776315789,0.8641025641,0.9325,0.9573170732,0.9119047619,0.9418604651,0.9602272727,0.9333333333,0.9467391304,0.9436170213,0.9479166667,0.9132653061,0.957,0.9529411765],"stopping_history":[false,false,false,false,false,false,false,false,false,false,false,false,false,false,false,false,false,false,false,false,false,false,false,false,false,false,true,true,true,true,false,false,true,true,true,true,false,false,false,false,true,true,true,true,true,true,true,true,false,false,true]},"1":"AugmentedSearchSpaceExtensionQueryStrategy_BreakingTies()_50_queries_num_samples_20_num_augmentations_5"},"4":{"0":{"iterations":[0,1,2,3,4,5,6,7,8,9,10,11,12,13,14,15,16,17,18,19,20,21,22,23,24,25,26,27,28,29,30,31,32,33,34,35,36,37,38,39,40,41,42,43,44,45,46,47,48,49,50],