{
    "0": {
        "0": {
            "iterations": [
                0,
                1,
                2,
                3,
                4,
                5,
                6,
                7,
                8,
                9,
                10,
                11,
                12,
                13,
                14,
                15,
                16,
                17,
                18,
                19,
                20,
                21,
                22,
                23,
                24,
                25,
                26,
                27,
                28,
                29,
                30,
                31,
                32,
                33,
                34,
                35,
                36,
                37,
                38,
                39,
                40,
                41,
                42,
                43,
                44,
                45,
                46,
                47,
                48,
                49,
                50
            ],
            "test_accuracies": [
                0.54208,
                0.55904,
                0.67876,
                0.60092,
                0.69604,
                0.73664,
                0.72112,
                0.68964,
                0.74272,
                0.68768,
                0.70392,
                0.75368,
                0.7488,
                0.72092,
                0.73608,
                0.72744,
                0.75772,
                0.7482,
                0.7314,
                0.71644,
                0.76184,
                0.75816,
                0.75584,
                0.75868,
                0.75148,
                0.76116,
                0.76264,
                0.74236,
                0.76392,
                0.758,
                0.7638,
                0.76008,
                0.77088,
                0.77848,
                0.75452,
                0.76604,
                0.78324,
                0.74752,
                0.77112,
                0.77664,
                0.7672,
                0.76752,
                0.77004,
                0.7736,
                0.77444,
                0.78168,
                0.7746,
                0.78604,
                0.77876,
                0.77684,
                0.78696
            ],
            "train_accuracies": [
                1.0,
                0.9928571429,
                0.9884615385,
                1.0,
                0.994,
                0.9983870968,
                0.9986486486,
                1.0,
                0.9989795918,
                1.0,
                0.9975409836,
                1.0,
                1.0,
                0.9981012658,
                1.0,
                0.9989010989,
                0.9994845361,
                0.9995145631,
                0.9986238532,
                0.9995652174,
                0.9991735537,
                0.9996062992,
                1.0,
                0.9996402878,
                0.9996551724,
                0.9996688742,
                1.0,
                0.9972392638,
                0.999704142,
                1.0,
                0.9997237569,
                0.9994652406,
                0.9997409326,
                0.9997487437,
                0.9997560976,
                0.9988151659,
                0.9997695853,
                1.0,
                0.9995633188,
                0.999787234,
                0.9997925311,
                0.9983805668,
                0.9998023715,
                1.0,
                1.0,
                1.0,
                0.9992779783,
                0.9989399293,
                0.9998269896,
                1.0,
                0.999833887
            ],
            "kappa_average_conservative_history": [
                false,
                false,
                false,
                false,
                false,
                false,
                false,
                false,
                false,
                false,
                false,
                false,
                false,
                false,
                false,
                false,
                false,
                false,
                false,
                false,
                false,
                false,
                false,
                false,
                false,
                false,
                false,
                false,
                false,
                false,
                false,
                false,
                false,
                false,
                false,
                false,
                false,
                false,
                false,
                false,
                false,
                false,
                false,
                false,
                false,
                false,
                false,
                false,
                false,
                false
            ],
            "kappa_average_middle_ground_history": [
                false,
                false,
                false,
                false,
                false,
                false,
                false,
                false,
                false,
                false,
                false,
                false,
                false,
                false,
                false,
                false,
                false,
                false,
                false,
                false,
                false,
                false,
                false,
                false,
                false,
                false,
                false,
                false,
                false,
                false,
                false,
                false,
                false,
                false,
                false,
                false,
                false,
                false,
                false,
                false,
                false,
                false,
                false,
                false,
                false,
                false,
                false,
                false,
                false,
                false
            ],
            "kappa_average_aggressive_history": [
                false,
                false,
                false,
                false,
                false,
                false,
                false,
                false,
                false,
                false,
                false,
                false,
                false,
                false,
                false,
                false,
                false,
                false,
                false,
                false,
                false,
                false,
                false,
                false,
                false,
                false,
                false,
                false,
                false,
                false,
                false,
                false,
                false,
                false,
                false,
                false,
                false,
                false,
                false,
                false,
                false,
                false,
                false,
                false,
                false,
                false,
                false,
                false,
                false,
                false
            ],