{"0":{"0":{"iterations":[0,1,2,3,4,5,6,7,8,9,10,11,12,13,14,15,16,17,18,19,20,21,22,23,24,25,26,27,28,29,30,31,32,33,34,35,36,37,38,39,40,41,42,43,44,45,46,47,48,49,50],"test_accuracies":[0.48688,0.52308,0.58904,0.5344,0.5744,0.5628,0.63692,0.62164,0.6152,0.65288,0.70548,0.68496,0.70972,0.69828,0.64568,0.69904,0.71768,0.63248,0.51908,0.71088,0.65584,0.73908,0.7494,0.7514,0.75952,0.74872,0.71232,0.7562,0.76508,0.75344,0.67376,0.77268,0.76996,0.72344,0.76652,0.77192,0.69196,0.74472,0.7574,0.77004,0.76976,0.76012,0.7586,0.75616,0.77756,0.76436,0.78112,0.76616,0.77544,0.78132,0.77936],"train_accuracies":[0.7,0.9,0.95,0.925,0.94,0.9416666667,0.95,0.94375,0.9666666667,0.955,0.9772727273,0.9666666667,0.9423076923,0.9535714286,0.9466666667,0.9625,0.9558823529,0.8083333333,0.6447368421,0.96,0.8904761905,0.9659090909,0.9739130435,0.9708333333,0.958,0.9653846154,0.937037037,0.9625,0.924137931,0.96,0.8209677419,0.9828125,0.9772727273,0.9352941176,0.9628571429,0.9416666667,0.9135135135,0.9039473684,0.9448717949,0.94875,0.9170731707,0.9607142857,0.8360465116,0.9340909091,0.9277777778,0.9673913043,0.8734042553,0.9395833333,0.937755102,0.958,0.9450980392],"kappa_average_conservative_history":[false,false,false,false,false,false,false,false,false,false,false,false,false,false,false,false,false,false,false,false,false,false,false,false,false,false,false,false,false,false,false,false,false,false,false,false,false,false,false,false,false,false,false,false,false,false,false,false,false,false],"kappa_average_middle_ground_history":[false,false,false,false,false,false,false,false,false,false,false,false,false,false,false,false,false,false,false,false,false,false,false,false,false,false,false,false,false,false,false,false,false,false,false,false,false,false,false,false,false,false,false,false,false,false,false,false,false,false],"kappa_average_aggressive_history":[false,false,false,false,false,false,false,false,false,false,false,false,false,false,false,false,false,false,false,false,false,false,false,false,false,false,false,false,false,false,false,false,false,false,false,false,false,false,false,false,false,false,false,false,false,false,false,false,false,false],"delta_f_score_conservative_history":[false,false,false,false,false,false,false,false,false,false,false,false,false,false,false,false,false,false,false,false,false,false,false,false,false,false,false,false,false,false,false,false,false,false,false,false,false,false,false,false,false,false,false,false,false,false,false,false,false,false],"delta_f_score_middle_ground_history":[false,false,false,false,false,false,false,false,false,false,false,false,false,false,false,false,false,false,false,false,false,false,false,false,false,false,false,false,false,false,false,false,false,false,false,false,false,false,false,false,false,false,false,false,false,false,false,false,false,false],"delta_f_score_aggressive_history":[false,false,false,false,false,false,false,false,false,false,false,false,false,false,false,false,false,false,false,false,false,false,false,false,false,false,false,false,false,false,false,false,false,false,false,false,false,false,false,false,false,false,false,false,false,false,false,false,false,false],"classification_change_conservative_history":[false,false,false,false,false,false,false,false,false,false,false,false,false,false,false,false,false,false,false,false,false,false,false,false,false,false,false,false,false,false,false,false,false,false,false,false,false,false,false,false,false,false,false,false,false,false,false,false,false,false],"classification_change_middle_ground_history":[false,false,false,false,false,false,false,false,false,false,false,false,false,false,false,false,false,false,false,false,false,false,false,false,false,false,false,false,false,false,false,false,false,false,false,false,false,false,false,false,false,false,false,false,false,false,false,false,false,false],"classification_change_aggressive_history":[false,false,false,false,false,false,false,false,false,false,false,false,false,false,false,false,false,false,false,false,false,false,false,false,false,false,false,false,false,false,false,false,false,false,false,false,false,false,false,false,false,false,false,false,false,false,false,false,true,false],"samples_count":[20]},"1":"AugmentedSearchSpaceExtensionQueryStrategy_BreakingTies()_50_queries_num_samples_20_num_augmentations_5"},"1":{"0":{"iterations":[0,1,2,3,4,5,6,7,8,9,10,11,12,13,14,15,16,17,18,19,20,21,22,23,24,25,26,27,28,29,30,31,32,33,34,35,36,37,38,39,40,41,42,43,44,45,46,47,48,49,50],"test_accuracies":[0.55216,0.54512,0.5532,0.57948,0.53816,0.5828,0.57736,0.6356,0.65028,0.60648,0.70564,0.59052,0.70256,0.66588,0.71252,0.70936,0.75636,0.75048,0.72412,0.72172,0.64456,0.63968,0.74436,0.74648,0.71656,0.72444,0.75292,0.70948,0.75684,0.74516,0.75144,0.54028,0.74672,0.57104,0.76448,0.55168,0.721,0.7048,0.77552,0.74076,0.763,0.74924,0.78148,0.76648,0.7466,0.7708,0.77016,0.75784,0.76364,0.78248,0.76812],"train_accuracies":[0.95,1.0,0.9166666667,0.95,0.75,0.9666666667,0.9285714286,0.975,0.9611111111,0.97,0.9590909091,0.7708333333,0.9730769231,0.9392857143,0.9666666667,0.95,0.9529411765,0.9638888889,0.9631578947,0.965,0.8904761905,0.8136363636,0.9695652174,0.9541666667,0.966,0.9596153846,0.962962963,0.9267857143,0.9551724138,0.9183333333,0.9564516129,0.60625,0.9333333333,0.6794117647,0.9657142857,0.6472222222,0.8675675676,0.8907894737,0.95,0.92125,0.95,0.9357142857,0.9697674419,0.9636363636,0.97,0.9434782609,0.9542553191,0.9583333333,0.9663265306,0.98,0.8970588235],"kappa_average_conservative_history":[false,false,false,false,false,false,false,false,false,false,false,false,false,false,false,false,false,false,false,false,false,false,false,false,false,false,false,false,false,false,false,false,false,false,false,false,false,false,false,false,false,false,false,false,false,false,false,false,false,false],"kappa_average_middle_ground_history":[false,false,false,false,false,false,false,false,false,false,false,false,false,false,false,false,false,false,false,false,false,false,false,false,false,false,false,false,false,false,false,false,false,false,false,false,false,false,false,false,false,false,false,false,false,false,false,false,false,false],"kappa_average_aggressive_history":[false,false,false,false,false,false,false,false,false,false,false,false,false,false,false,false,false,false,false,false,false,false,false,false,false,false,false,false,false,false,false,false,false,false,false,false,false,false,false,false,false,false,false,false,false,false,false,false,false,false],"delta_f_score_conservative_history":[false,false,false,false,false,false,false,false,false,false,false,false,false,false,false,false,false,false,false,false,false,false,false,false,false,false,false,false,false,false,false,false,false,false,false,false,false,false,false,false,false,false,false,false,false,false,false,false,false,false],"delta_f_score_middle_ground_history":[false,false,false,false,false,false,false,false,false,false,false,false,false,false,false,false,false,false,false,false,false,false,false,false,false,false,false,false,false,false,false,false,false,false,false,false,false,false,false,false,false,false,false,false,false,false,false,false,false,false],"delta_f_score_aggressive_history":[false,false,false,false,false,false,false,false,false,false,false,false,false,false,false,false,false,false,false,false,false,false,false,false,false,false,false,false,false,false,false,false,false,false,false,false,false,false,false,false,false,false,false,false,false,false,false,false,false,false],"classification_change_conservative_history":[false,false,false,false,false,false,false,false,false,false,false,false,false,false,false,false,false,false,false,false,false,false,false,false,false,false,false,false,false,false,false,false,false,false,false,false,false,false,false,false,false,false,false,false,false,false,false,false,false,false],