{"0":{"0":{"iterations":[0,1,2,3,4,5,6,7,8,9,10,11,12,13,14,15,16,17,18,19,20,21,22,23,24,25,26,27,28,29,30,31,32,33,34,35,36,37,38,39,40,41,42,43,44,45,46,47,48,49,50],"test_accuracies":[0.50112,0.55048,0.5634,0.6086,0.64068,0.66456,0.7238,0.70652,0.7166,0.74632,0.70076,0.71864,0.71864,0.739,0.75592,0.76068,0.729,0.73124,0.75932,0.72188,0.75072,0.7428,0.77192,0.76136,0.7678,0.75728,0.72632,0.769,0.76696,0.75844,0.76996,0.75636,0.762,0.7718,0.77424,0.77564,0.77284,0.7734,0.76784,0.76992,0.78236,0.77628,0.78624,0.78348,0.77312,0.7706,0.7542,0.7838,0.785,0.77292,0.78592],"train_accuracies":[0.5,0.9928571429,0.9961538462,0.9973684211,1.0,1.0,0.9972972973,0.9988372093,0.9979591837,0.9990909091,0.9983606557,0.997761194,1.0,0.9993670886,0.9994117647,0.9989010989,0.9994845361,0.9995145631,1.0,1.0,0.9995867769,0.9992125984,0.9984962406,1.0,0.9996551724,0.9993377483,1.0,0.9993865031,0.999408284,1.0,0.9997237569,0.9997326203,1.0,1.0,0.9975609756,1.0,0.998156682,1.0,0.9993449782,1.0,1.0,0.9997975709,0.9998023715,0.9998069498,0.9998113208,0.9990774908,0.9992779783,0.9992932862,0.9996539792,0.9998305085,0.9996677741],"kappa_average_conservative_history":[false,false,false,false,false,false,false,false,false,false,false,false,false,false,false,false,false,false,false,false,false,false,false,false,false,false,false,false,false,false,false,false,false,false,false,false,false,false,false,false,false,false,false,false,false,false,false,false,false,false],"kappa_average_middle_ground_history":[false,false,false,false,false,false,false,false,false,false,false,false,false,false,false,false,false,false,false,false,false,false,false,false,false,false,false,false,false,false,false,false,false,false,false,false,false,false,false,false,false,false,false,false,false,false,false,false,false,false],"kappa_average_aggressive_history":[false,false,false,false,false,false,false,false,false,false,false,false,false,false,false,false,false,false,false,false,false,false,false,false,false,false,false,false,false,false,false,false,false,false,false,false,false,false,false,false,false,false,true,true,true,false,false,false,false,false],"delta_f_score_conservative_history":[false,false,false,false,false,false,false,false,false,false,false,false,false,false,false,false,false,false,false,false,false,false,false,false,false,false,false,false,false,false,false,false,false,false,false,false,false,false,false,false,false,false,false,false,false,false,false,false,false,false],"delta_f_score_middle_ground_history":[false,false,false,false,false,false,false,false,false,false,false,false,false,false,false,false,false,false,false,false,false,false,false,false,false,false,false,false,false,false,false,false,false,false,false,false,false,false,false,false,false,false,false,false,false,false,false,false,false,false],"delta_f_score_aggressive_history":[false,false,false,false,false,false,false,false,false,false,false,false,false,false,false,false,false,false,false,false,false,false,false,false,false,false,false,false,false,false,false,false,false,false,false,false,false,false,false,false,false,false,false,false,false,false,false,false,false,false],"classification_change_conservative_history":[false,false,false,false,false,false,false,false,false,false,false,false,false,false,false,false,false,false,false,false,false,false,false,false,false,false,false,false,false,false,false,false,false,false,false,false,false,false,false,false,false,false,false,false,false,false,false,false,false,false],"classification_change_middle_ground_history":[false,false,false,false,false,false,false,false,false,false,false,false,false,false,false,false,false,false,false,false,false,false,false,false,false,false,false,false,false,false,false,false,false,false,false,false,false,false,false,false,false,false,false,false,false,false,false,false,false,false],"classification_change_aggressive_history":[false,false,false,false,false,false,false,false,false,false,false,false,false,false,false,false,false,false,false,false,false,false,false,false,false,false,false,false,false,false,false,false,false,false,false,false,false,false,false,false,false,false,true,false,false,false,false,false,false,false],"samples_count":[20]},"1":"AugmentedOutcomesQueryStrategy_BreakingTies()_50_queries_num_samples_20_num_augmentations_5"},"1":{"0":{"iterations":[0,1,2,3,4,5,6,7,8,9,10,11,12,13,14,15,16,17,18,19,20,21,22,23,24,25,26,27,28,29,30,31,32,33,34,35,36,37,38,39,40,41,42,43,44,45,46,47,48,49,50],"test_accuracies":[0.56512,0.60024,0.58008,0.61924,0.67848,0.65264,0.6452,0.6532,0.71672,0.64024,0.69932,0.65568,0.66168,0.72264,0.70468,0.75472,0.72232,0.7598,0.75428,0.74792,0.74392,0.76472,0.74856,0.75376,0.77096,0.77536,0.74744,0.76576,0.75508,0.77112,0.77568,0.75232,0.76452,0.773,0.759,0.78048,0.7656,0.77676,0.76648,0.76928,0.78612,0.77308,0.75852,0.77236,0.74768,0.77764,0.77948,0.76564,0.77816,0.78152,0.78764],"train_accuracies":[0.95,0.9714285714,0.9884615385,0.9921052632,1.0,0.9983870968,1.0,1.0,1.0,1.0,1.0,0.9992537313,0.9993150685,1.0,1.0,1.0,1.0,0.9995145631,1.0,1.0,1.0,1.0,1.0,1.0,1.0,1.0,1.0,1.0,0.999704142,1.0,0.9991712707,1.0,0.9989637306,0.9997487437,0.9997560976,1.0,0.9997695853,0.9997757848,1.0,1.0,0.9997925311,0.9997975709,0.9996047431,0.9996138996,1.0,0.9998154982,1.0,0.9996466431,0.9998269896,0.9996610169,0.999833887],"kappa_average_conservative_history":[false,false,false,false,false,false,false,false,false,false,false,false,false,false,false,false,false,false,false,false,false,false,false,false,false,false,false,false,false,false,false,false,false,false,false,false,false,false,false,false,false,false,false,false,false,false,false,false,false,false],"kappa_average_middle_ground_history":[false,false,false,false,false,false,false,false,false,false,false,false,false,false,false,false,false,false,false,false,false,false,false,false,false,false,false,false,false,false,false,false,false,false,false,false,false,false,false,false,false,false,false,false,false,false,false,false,false,false],"kappa_average_aggressive_history":[false,false,false,false,false,false,false,false,false,false,false,false,false,false,false,false,false,false,false,false,false,false,false,false,false,false,false,false,false,false,false,false,false,false,false,false,false,false,false,false,false,false,false,false,false,false,false,false,false,false],"delta_f_score_conservative_history":[false,false,false,false,false,false,false,false,false,false,false,false,false,false,false,false,false,false,false,false,false,false,false,false,false,false,false,false,false,false,false,false,false,false,false,false,false,false,false,false,false,false,false,false,false,false,false,false,false,false],"delta_f_score_middle_ground_history":[false,false,false,false,false,false,false,false,false,false,false,false,false,false,false,false,false,false,false,false,false,false,false,false,false,false,false,false,false,false,false,false,false,false,false,false,false,false,false,false,false,false,false,false,false,false,false,false,false,false],"delta_f_score_aggressive_history":[false,false,false,false,false,false,false,false,false,false,false,false,false,false,false,false,false,false,false,false,false,false,false,false,false,false,false,false,false,false,false,false,false,false,false,false,false,false,false,false,false,false,false,false,false,false,false,false,false,false],"classification_change_conservative_history":[false,false,false,false,false,false,false,false,false,false,false,false,false,false,false,false,false,false,false,false,false,false,false,false,false,false,false,false,false,false,false,false,false,false,false,false,false,false,false,false,false,false,false,false,false,false,false,false,false,false],