{"0":{"0":{"iterations":[0,1,2,3,4,5,6,7,8,9,10,11,12,13,14,15,16,17,18,19,20,21,22,23,24,25,26,27,28,29,30,31,32,33,34,35,36,37,38,39,40,41,42,43,44,45,46,47,48,49,50],"test_accuracies":[0.51716,0.54424,0.55288,0.58236,0.5638,0.6002,0.64808,0.5702,0.63228,0.60592,0.64796,0.59796,0.6046,0.63396,0.6764,0.6302,0.68084,0.63208,0.69696,0.68864,0.67096,0.62476,0.68476,0.69068,0.65904,0.57712,0.66396,0.66156,0.67728,0.65932,0.64288,0.6628,0.68484,0.65784,0.69608,0.65572,0.64824,0.661,0.65656,0.688,0.70848,0.70796,0.60596,0.5192,0.70308,0.5,0.6496,0.66216,0.6836,0.71724,0.69624],"train_accuracies":[0.95,0.975,0.8666666667,0.9375,0.88,0.9583333333,0.8785714286,0.8,0.9055555556,0.95,0.9409090909,0.9625,0.8076923077,0.9214285714,0.9166666667,0.9375,0.9088235294,0.9555555556,0.9631578947,0.95,0.980952381,0.9318181818,0.9565217391,0.95625,0.94,0.8942307692,0.9407407407,0.9428571429,0.9603448276,0.93,0.9516129032,0.93125,0.9424242424,0.9514705882,0.9785714286,0.9444444444,0.9297297297,0.9486842105,0.9346153846,0.9775,0.9512195122,0.9583333333,0.9372093023,0.9090909091,0.9755555556,0.8891304348,0.9468085106,0.9375,0.9510204082,0.975,0.9764705882],"kappa_average_conservative_history":[false,false,false,false,false,false,false,false,false,false,false,false,false,false,false,false,false,false,false,false,false,false,false,false,false,false,false,false,false,false,false,false,false,false,false,false,false,false,false,false,false,false,false,false,false,false,false,false,false,false],"kappa_average_middle_ground_history":[false,false,false,false,false,false,false,false,false,false,false,false,false,false,false,false,false,false,false,false,false,false,false,false,false,false,false,false,false,false,false,false,false,false,false,false,false,false,false,false,false,false,false,false,false,false,false,false,false,false],"kappa_average_aggressive_history":[false,false,false,false,false,false,false,false,false,false,false,false,false,false,false,false,false,false,false,false,false,false,false,false,false,false,false,false,false,false,false,false,false,false,false,false,false,false,false,false,false,false,false,false,false,false,false,false,false,false],"delta_f_score_conservative_history":[false,false,false,false,false,false,false,false,false,false,false,false,false,false,false,false,false,false,false,false,false,false,false,false,false,false,false,false,false,false,false,false,false,false,false,false,false,false,false,false,false,false,false,false,false,false,false,false,false,false],"delta_f_score_middle_ground_history":[false,false,false,false,false,false,false,false,false,false,false,false,false,false,false,false,false,false,false,false,false,false,false,false,false,false,false,false,false,false,false,false,false,false,false,false,false,false,false,false,false,false,false,false,false,false,false,false,false,false],"delta_f_score_aggressive_history":[false,false,false,false,false,false,false,false,false,false,false,false,false,false,false,false,false,false,false,false,false,false,false,false,false,false,false,false,false,false,false,false,false,false,false,false,false,false,false,false,false,false,false,false,false,false,false,false,false,false],"classification_change_conservative_history":[false,false,false,false,false,false,false,false,false,false,false,false,false,false,false,false,false,false,false,false,false,false,false,false,false,false,false,false,false,false,false,false,false,false,false,false,false,false,false,false,false,false,false,false,false,false,false,false,false,false],"classification_change_middle_ground_history":[false,false,false,false,false,false,false,false,false,false,false,false,false,false,false,false,false,false,false,false,false,false,false,false,false,false,false,false,false,false,false,false,false,false,false,false,false,false,false,false,false,false,false,false,false,false,false,false,false,false],"classification_change_aggressive_history":[false,false,false,false,false,false,false,false,false,false,false,false,false,false,false,false,false,false,false,false,false,false,false,false,false,false,false,true,false,false,false,false,false,false,false,true,true,false,false,false,true,false,false,false,false,false,true,false,false,false],"samples_count":[20]},"1":"AverageAcrossAugmentedQueryStrategy_BreakingTies()_50_queries_num_samples_20_num_augmentations_5"},"1":{"0":{"iterations":[0,1,2,3,4,5,6,7,8,9,10,11,12,13,14,15,16,17,18,19,20,21,22,23,24,25,26,27,28,29,30,31,32,33,34,35,36,37,38,39,40,41,42,43,44,45,46,47,48,49,50],"test_accuracies":[0.51988,0.55656,0.50164,0.58892,0.50452,0.52708,0.56908,0.58928,0.59804,0.62744,0.6074,0.56744,0.64912,0.61612,0.63604,0.59948,0.50252,0.65488,0.64696,0.62144,0.65232,0.68276,0.67256,0.67116,0.66924,0.60588,0.54084,0.73384,0.50016,0.70208,0.5,0.5,0.7018,0.7268,0.74472,0.7048,0.579,0.69664,0.74384,0.70616,0.59012,0.72044,0.7144,0.70408,0.50004,0.60272,0.5068,0.7116,0.69216,0.5,0.60492],"train_accuracies":[0.95,0.95,0.6666666667,0.95,0.72,0.8416666667,0.9642857143,0.9875,0.9833333333,0.985,0.9681818182,0.9041666667,0.9846153846,0.975,0.9766666667,0.984375,0.8647058824,0.9805555556,0.9631578947,0.9225,0.9476190476,0.9931818182,0.9891304348,0.9895833333,0.992,0.9557692308,0.9277777778,0.9946428571,0.8913793103,0.99,0.8967741935,0.9,0.9848484848,0.9955882353,0.9857142857,0.9861111111,0.9527027027,0.9592105263,0.9948717949,0.96875,0.9682926829,0.9785714286,0.9918604651,0.9761363636,0.9233333333,0.9717391304,0.929787234,0.9791666667,0.9704081633,0.927,0.9794117647],"kappa_average_conservative_history":[false,false,false,false,false,false,false,false,false,false,false,false,false,false,false,false,false,false,false,false,false,false,false,false,false,false,false,false,false,false,false,false,false,false,false,false,false,false,false,false,false,false,false,false,false,false,false,false,false,false],"kappa_average_middle_ground_history":[false,false,false,false,false,false,false,false,false,false,false,false,false,false,false,false,false,false,false,false,false,false,false,false,false,false,false,false,false,false,false,false,false,false,false,false,false,false,false,false,false,false,false,false,false,false,false,false,false,false],"kappa_average_aggressive_history":[false,false,false,false,false,false,false,false,false,false,false,false,false,false,false,false,false,false,false,false,false,false,false,false,false,false,false,false,false,false,false,false,false,false,false,false,false,false,false,false,false,false,false,false,false,false,false,false,false,false],"delta_f_score_conservative_history":[false,false,false,false,false,false,false,false,false,false,false,false,false,false,false,false,false,false,false,false,false,false,false,false,false,false,false,false,false,false,false,false,false,false,false,false,false,false,false,false,false,false,false,false,false,false,false,false,false,false],"delta_f_score_middle_ground_history":[false,false,false,false,false,false,false,false,false,false,false,false,false,false,false,false,false,false,false,false,false,false,false,false,false,false,false,false,false,false,false,false,false,false,false,false,false,false,false,false,false,false,false,false,false,false,false,false,false,false],"delta_f_score_aggressive_history":[false,false,false,false,false,false,false,false,false,false,false,false,false,false,false,false,false,false,false,false,false,false,false,false,false,false,false,false,false,false,false,false,false,false,false,false,false,false,false,false,false,false,false,false,false,false,false,false,false,false],"classification_change_conservative_history":[false,false,false,false,false,false,false,false,false,false,false,false,false,false,false,false,false,false,false,false,false,false,false,false,false,false,false,false,false,false,true,false,false,false,false,false,false,false,false,false,false,false,false,false,false,false,false,false,false,false],