{"0":{"0":{"iterations":[0,1,2,3,4,5,6,7,8,9,10,11,12,13,14,15,16,17,18,19,20,21,22,23,24,25,26,27,28,29,30,31,32,33,34,35,36,37,38,39,40,41,42,43,44,45,46,47,48,49,50],"test_accuracies":[0.5253283302,0.5,0.5,0.5009380863,0.6613508443,0.7270168856,0.6181988743,0.6941838649,0.7467166979,0.7410881801,0.7786116323,0.7645403377,0.7983114447,0.7936210131,0.8048780488,0.7636022514,0.8133208255,0.7983114447,0.8095684803,0.7908067542,0.8001876173,0.8114446529,0.7917448405,0.8255159475,0.8245778612,0.8123827392,0.8273921201,0.8133208255,0.8067542214,0.7954971857,0.8236397749,0.8236397749,0.8133208255,0.8123827392,0.8217636023,0.818011257,0.818011257,0.8123827392,0.808630394,0.8217636023,0.8095684803,0.8245778612,0.8283302064,0.8105065666,0.818011257,0.8133208255,0.8198874296,0.8076923077,0.8208255159,0.8151969981,0.8255159475],"train_accuracies":[0.9,0.625,0.65,0.6375,0.98,0.9666666667,0.8428571429,0.9375,0.9722222222,0.98,0.9590909091,0.975,0.9807692308,0.9714285714,0.9866666667,0.978125,0.9735294118,0.9472222222,0.9842105263,0.97,0.9833333333,0.9704545455,0.9739130435,0.98125,0.982,0.9769230769,0.9888888889,0.9803571429,0.9620689655,0.9733333333,0.9661290323,0.9765625,0.9818181818,0.9779411765,0.9657142857,0.9611111111,0.9716216216,0.9539473684,0.9641025641,0.9625,0.9463414634,0.9714285714,0.9558139535,0.975,0.9277777778,0.952173913,0.9808510638,0.94375,0.9785714286,0.959,0.9647058824],"stopping_history":[false,false,false,false,false,false,false,false,false,false,false,false,false,false,true,true,false,false,false,false,false,false,true,true,true,true,true,true,true,true,false,true,true,true,true,true,true,true,true,true,true,true,true,true,true,true,true,true,true,true,true]},"1":"RandomSampling_BreakingTies()_50_queries_num_samples_20_num_augmentations_5"},"1":{"0":{"iterations":[0,1,2,3,4,5,6,7,8,9,10,11,12,13,14,15,16,17,18,19,20,21,22,23,24,25,26,27,28,29,30,31,32,33,34,35,36,37,38,39,40,41,42,43,44,45,46,47,48,49,50],"test_accuracies":[0.6163227017,0.5393996248,0.6538461538,0.5,0.6782363977,0.7598499062,0.5225140713,0.7514071295,0.796435272,0.787054409,0.7645403377,0.8133208255,0.8030018762,0.8142589118,0.7898686679,0.8030018762,0.7476547842,0.7936210131,0.8227016886,0.8001876173,0.7908067542,0.8030018762,0.8133208255,0.8123827392,0.8208255159,0.8161350844,0.7945590994,0.8198874296,0.8076923077,0.8142589118,0.8011257036,0.8011257036,0.8208255159,0.8114446529,0.8217636023,0.8170731707,0.8227016886,0.8208255159,0.8227016886,0.7917448405,0.8311444653,0.8114446529,0.8151969981,0.8011257036,0.830206379,0.8133208255,0.8414634146,0.8227016886,0.8236397749,0.8161350844,0.8076923077],"train_accuracies":[1.0,0.975,0.9666666667,0.6,0.96,0.9666666667,0.6428571429,0.975,0.9611111111,0.99,0.9545454545,0.9708333333,0.9923076923,0.9785714286,0.9733333333,0.965625,0.9117647059,0.9444444444,0.9842105263,0.9825,0.9619047619,0.9772727273,0.9891304348,0.9770833333,0.96,0.9807692308,0.962962963,0.9785714286,0.9689655172,0.9766666667,0.9516129032,0.9203125,0.946969697,0.9529411765,0.9857142857,0.95,0.9702702703,0.9763157895,0.9615384615,0.93375,0.9817073171,0.955952381,0.9674418605,0.9522727273,0.9722222222,0.9467391304,0.9553191489,0.9635416667,0.9581632653,0.912,0.9421568627],"stopping_history":[false,false,false,false,false,false,false,false,false,false,false,false,false,false,true,true,false,false,false,false,true,true,true,true,true,true,true,true,true,true,true,true,true,true,true,true,true,true,true,true,true,true,true,true,true,true,true,true,true,true,true]},"1":"RandomSampling_BreakingTies()_50_queries_num_samples_20_num_augmentations_5"},"2":{"0":{"iterations":[0,1,2,3,4,5,6,7,8,9,10,11,12,13,14,15,16,17,18,19,20,21,22,23,24,25,26,27,28,29,30,31,32,33,34,35,36,37,38,39,40,41,42,43,44,45,46,47,48,49,50],"test_accuracies":[0.5506566604,0.5938086304,0.5656660413,0.6679174484,0.7091932458,0.7429643527,0.6876172608,0.7148217636,0.7720450281,0.7523452158,0.8020637899,0.7804878049,0.7898686679,0.787054409,0.7626641651,0.8039399625,0.8058161351,0.8161350844,0.8170731707,0.8133208255,0.8170731707,0.8170731707,0.8076923077,0.8151969981,0.8283302064,0.8292682927,0.8076923077,0.8161350844,0.8067542214,0.8161350844,0.818011257,0.8123827392,0.8095684803,0.8076923077,0.8011257036,0.8105065666,0.8217636023,0.8292682927,0.8255159475,0.8133208255,0.8264540338,0.8030018762,0.8095684803,0.8011257036,0.8273921201,0.8255159475,0.7973733583,0.8208255159,0.8039399625,0.8255159475,0.8236397749],"train_accuracies":[0.95,0.95,0.8166666667,0.95,0.95,0.9833333333,0.9428571429,0.9625,0.9833333333,0.975,0.9818181818,0.9875,0.9846153846,0.975,0.97,0.990625,0.9647058824,0.975,0.9763157895,0.95,0.9833333333,0.9840909091,0.9869565217,0.9875,0.968,0.9615384615,0.9722222222,0.9892857143,0.9706896552,0.99,0.9758064516,0.9140625,0.9590909091,0.9838235294,0.9685714286,0.9694444444,0.9418918919,0.9473684211,0.9794871795,0.96375,0.9524390244,0.9297619048,0.9023255814,0.9113636364,0.9666666667,0.9619565217,0.935106383,0.953125,0.9510204082,0.965,0.9764705882],"stopping_history":[false,false,false,false,false,false,false,false,false,false,false,false,false,false,false,false,false,false,true,true,true,true,true,true,true,true,true,false,false,false,true,true,true,false,false,false,false,true,true,true,false,false,true,true,true,true,true,true,true,true,true]},"1":"RandomSampling_BreakingTies()_50_queries_num_samples_20_num_augmentations_5"},"3":{"0":{"iterations":[0,1,2,3,4,5,6,7,8,9,10,11,12,13,14,15,16,17,18,19,20,21,22,23,24,25,26,27,28,29,30,31,32,33,34,35,36,37,38,39,40,41,42,43,44,45,46,47,48,49,50],"test_accuracies":[0.5206378987,0.5009380863,0.5609756098,0.595684803,0.6332082552,0.6838649156,0.6679174484,0.7091932458,0.7739212008,0.7823639775,0.7889305816,0.8123827392,0.8048780488,0.8048780488,0.8001876173,0.8048780488,0.808630394,0.799249531,0.808630394,0.7983114447,0.7945590994,0.8208255159,0.8114446529,0.8058161351,0.8198874296,0.818011257,0.8208255159,0.8067542214,0.8076923077,0.8058161351,0.8142589118,0.8198874296,0.8133208255,0.8039399625,0.8292682927,0.8236397749,0.8198874296,0.8198874296,0.8330206379,0.8208255159,0.8076923077,0.8151969981,0.8320825516,0.8114446529,0.8320825516,0.8217636023,0.8189493433,0.8283302064,0.8236397749,0.8048780488,0.8245778612],"train_accuracies":[0.85,0.7,0.8333333333,0.925,0.93,0.9833333333,0.9428571429,0.98125,0.9944444444,0.99,0.9727272727,0.9875,0.9884615385,0.9821428571,0.99,0.978125,0.9852941176,0.975,0.9815789474,0.9625,0.9714285714,0.975,0.9891304348,0.9791666667,0.984,0.9769230769,0.9666666667,0.9642857143,0.9913793103,0.9716666667,0.9838709677,0.96875,0.9727272727,0.975,0.9614285714,0.9722222222,0.9743243243,0.9605263158,0.9717948718,0.975,0.906097561,0.9702380952,0.9604651163,0.9147727273,0.9466666667,0.9489130435,0.970212766,0.9458333333,0.9408163265,0.943,0.9647058824],"stopping_history":[false,false,false,false,false,false,false,false,false,false,false,false,false,true,false,false,true,true,true,true,true,false,false,true,true,true,true,true,true,true,true,true,true,true,true,true,true,true,true,true,true,false,false,true,true,true,true,true,true,true,true]},"1":"RandomSampling_BreakingTies()_50_queries_num_samples_20_num_augmentations_5"},"4":{"0":{"iterations":[0,1,2,3,4,5,6,7,8,9,10,11,12,13,14,15,16,17,18,19,20,21,22,23,24,25,26,27,28,29,30,31,32,33,34,35,36,37,38,39,40,41,42,43,44,45,46,47,48,49,50],