{"0":{"0":{"iterations":[0,1,2,3,4,5,6,7,8,9,10,11,12,13,14,15,16,17,18,19,20,21,22,23,24,25,26,27,28,29,30,31,32,33,34,35,36,37,38,39,40,41,42,43,44,45,46,47,48,49,50],"test_accuracies":[0.5178571429,0.512755102,0.5408163265,0.512755102,0.5714285714,0.6160714286,0.6160714286,0.6147959184,0.6339285714,0.5867346939,0.618622449,0.6109693878,0.6301020408,0.6479591837,0.6403061224,0.6441326531,0.6517857143,0.6415816327,0.6339285714,0.618622449,0.6709183673,0.6658163265,0.6492346939,0.6454081633,0.6568877551,0.6670918367,0.6517857143,0.6683673469,0.6645408163,0.6403061224,0.6543367347,0.6734693878,0.6607142857,0.6530612245,0.6466836735,0.6530612245,0.6224489796,0.7066326531,0.6479591837,0.6926020408,0.6670918367,0.6951530612,0.6479591837,0.6772959184,0.6721938776,0.6160714286,0.637755102,0.7091836735,0.6632653061,0.6900510204,0.6479591837],"train_accuracies":[0.6,0.9785714286,0.9884615385,0.9947368421,0.996,1.0,1.0,0.9988372093,0.993877551,0.9990909091,1.0,0.997761194,0.9993150685,0.9981012658,0.9958823529,0.9994505495,0.9979381443,0.9951456311,0.9972477064,1.0,0.9966942149,0.9988188976,0.9973684211,0.9971223022,0.9962068966,0.9920529801,0.9917197452,0.9972392638,0.9976331361,0.9974285714,0.996961326,0.9975935829,0.996373057,0.9949748744,0.9919512195,0.9976303318,0.9921658986,0.998206278,0.9973799127,0.9970212766,0.9985477178,0.9947368421,0.9934782609,0.9955598456,0.9977358491,0.9896678967,0.9915162455,0.9959363958,0.9939446367,0.9977966102,0.9958471761],"kappa_average_conservative_history":[false,false,false,false,false,false,false,false,false,false,false,false,false,false,false,false,false,false,false,false,false,false,false,false,false,false,false,false,false,false,false,false,false,false,false,false,false,false,false,false,false,false,false,false,false,false,false,false,false,false],"kappa_average_middle_ground_history":[false,false,false,false,false,false,false,false,false,false,false,false,false,false,false,false,false,false,false,false,false,false,false,false,false,false,false,false,false,false,false,false,false,false,false,false,false,false,false,false,false,false,false,false,false,false,false,false,false,false],"kappa_average_aggressive_history":[false,false,false,false,false,false,false,false,false,false,false,false,false,false,false,false,false,false,false,false,false,false,false,false,false,false,false,false,false,false,false,false,false,false,false,false,false,false,false,false,false,false,false,false,false,false,false,false,false,false],"delta_f_score_conservative_history":[false,false,false,false,false,false,false,false,false,false,false,false,false,false,false,false,false,false,false,false,false,false,false,false,false,false,false,false,false,false,false,false,false,false,false,false,false,false,false,false,false,false,false,false,false,false,false,false,false,false],"delta_f_score_middle_ground_history":[false,false,false,false,false,false,false,false,false,false,false,false,false,false,false,false,false,false,false,false,false,false,false,false,false,false,false,false,false,false,false,false,false,false,false,false,false,false,false,false,false,false,false,false,false,false,false,false,false,false],"delta_f_score_aggressive_history":[false,false,false,false,false,false,false,false,false,false,false,false,false,false,false,false,false,false,false,false,false,false,false,false,false,false,false,false,false,false,false,false,false,false,false,false,false,false,false,false,false,false,false,false,false,false,false,false,false,false],"classification_change_conservative_history":[false,false,false,false,false,false,false,false,false,false,false,false,false,false,false,false,false,false,false,false,false,false,false,false,false,false,false,false,false,false,false,false,false,false,false,false,false,false,false,false,false,false,false,false,false,false,false,false,false,false],"classification_change_middle_ground_history":[false,false,false,false,false,false,false,false,false,false,false,false,false,false,false,false,false,false,false,false,false,false,false,false,false,false,false,false,false,false,false,false,false,false,false,false,false,false,false,false,false,false,false,false,false,false,false,false,false,false],"classification_change_aggressive_history":[false,false,false,false,false,false,false,false,false,false,false,false,false,false,false,false,false,false,false,false,false,false,false,false,false,false,false,false,false,false,false,false,false,false,false,false,false,false,false,false,false,false,false,false,false,false,false,false,false,false],"samples_count":[20]},"1":"AugmentedOutcomesQueryStrategy_BreakingTies()_50_queries_num_samples_20_num_augmentations_5"}}