{"0":{"0":{"iterations":[0,1,2,3,4,5,6,7,8,9,10,11,12,13,14,15,16,17,18,19,20,21,22,23,24,25,26,27,28,29,30,31,32,33,34,35,36,37,38,39,40,41,42,43,44,45,46,47,48,49,50],"test_accuracies":[0.4910714286,0.5267857143,0.4846938776,0.5650510204,0.5331632653,0.4400510204,0.4846938776,0.4795918367,0.5433673469,0.3979591837,0.5369897959,0.5267857143,0.4668367347,0.5459183673,0.4885204082,0.4719387755,0.5510204082,0.5586734694,0.5153061224,0.4961734694,0.5102040816,0.549744898,0.5522959184,0.5535714286,0.4706632653,0.5510204082,0.5420918367,0.5637755102,0.6096938776,0.575255102,0.6096938776,0.5943877551,0.5484693878,0.5625,0.6045918367,0.6020408163,0.556122449,0.5637755102,0.575255102,0.6339285714,0.6135204082,0.6237244898,0.6198979592,0.6020408163,0.5982142857,0.5727040816,0.5816326531,0.5943877551,0.575255102,0.6301020408,0.6198979592],"train_accuracies":[0.95,0.925,0.9166666667,0.85,0.74,0.7833333333,0.8357142857,0.875,0.9055555556,0.575,0.9272727273,0.8875,0.7,0.6428571429,0.83,0.703125,0.9352941176,0.9416666667,0.9289473684,0.9325,0.930952381,0.9340909091,0.9326086957,0.88125,0.752,0.9653846154,0.8592592593,0.8607142857,0.8448275862,0.8233333333,0.8822580645,0.8859375,0.95,0.65,0.9371428571,0.9097222222,0.8891891892,0.6447368421,0.85,0.5975,0.8487804878,0.925,0.7790697674,0.7136363636,0.8133333333,0.8076086957,0.770212766,0.8135416667,0.587755102,0.769,0.7264705882],"kappa_average_conservative_history":[false,false,false,false,false,false,false,false,false,false,false,false,false,false,false,false,false,false,false,false,false,false,false,false,false,false,false,false,false,false,false,false,false,false,false,false,false,false,false,false,false,false,false,false,false,false,false,false,false,false],"kappa_average_middle_ground_history":[false,false,false,false,false,false,false,false,false,false,false,false,false,false,false,false,false,false,false,false,false,false,false,false,false,false,false,false,false,false,false,false,false,false,false,false,false,false,false,false,false,false,false,false,false,false,false,false,false,false],"kappa_average_aggressive_history":[false,false,false,false,false,false,false,false,false,false,false,false,false,false,false,false,false,false,false,false,false,false,false,false,false,false,false,false,false,false,false,false,false,false,false,false,false,false,false,false,false,false,false,false,false,false,false,false,false,false],"delta_f_score_conservative_history":[false,false,false,false,false,false,false,false,false,false,false,false,false,false,false,false,false,false,false,false,false,false,false,false,false,false,false,false,false,false,false,false,false,false,false,false,false,false,false,false,false,false,false,false,false,false,false,false,false,false],"delta_f_score_middle_ground_history":[false,false,false,false,false,false,false,false,false,false,false,false,false,false,false,false,false,false,false,false,false,false,false,false,false,false,false,false,false,false,false,false,false,false,false,false,false,false,false,false,false,false,false,false,false,false,false,false,false,false],"delta_f_score_aggressive_history":[false,false,false,false,false,false,false,false,false,false,false,false,false,false,false,false,false,false,false,false,false,false,false,false,false,false,false,false,false,false,false,false,false,false,false,false,false,false,false,false,false,false,false,false,false,false,false,false,false,false],"classification_change_conservative_history":[false,false,false,false,false,false,false,false,false,false,false,false,false,false,false,false,false,false,false,false,false,false,false,false,false,false,false,false,false,false,false,false,false,false,false,false,false,false,false,false,false,false,false,false,false,false,false,false,false,false],"classification_change_middle_ground_history":[false,false,false,false,false,false,false,false,false,false,false,false,false,false,false,false,false,false,false,false,false,false,false,false,false,false,false,false,false,false,false,false,false,false,false,false,false,false,false,false,false,false,false,false,false,false,false,false,false,false],"classification_change_aggressive_history":[false,false,false,false,false,false,false,false,false,false,false,false,false,false,false,false,false,false,false,false,false,false,false,false,false,false,false,false,false,false,false,false,false,false,false,false,false,false,false,false,false,false,false,false,false,false,false,false,false,false],"samples_count":[20]},"1":"AugmentedSearchSpaceExtensionQueryStrategy_BreakingTies()_50_queries_num_samples_20_num_augmentations_5"},"1":{"0":{"iterations":[0,1,2,3,4,5,6,7,8,9,10,11,12,13,14,15,16,17,18,19,20,21,22,23,24,25,26,27,28,29,30,31,32,33,34,35,36,37,38,39,40,41,42,43,44,45,46,47,48,49,50],"test_accuracies":[0.493622449,0.5102040816,0.4885204082,0.5905612245,0.5382653061,0.5625,0.5446428571,0.5535714286,0.6428571429,0.5676020408,0.637755102,0.637755102,0.5790816327,0.6466836735,0.5905612245,0.5522959184,0.5739795918,0.5535714286,0.5739795918,0.6683673469,0.6658163265,0.6517857143,0.6135204082,0.4464285714,0.5433673469,0.6887755102,0.6403061224,0.6237244898,0.6887755102,0.6645408163,0.6352040816,0.6428571429,0.6045918367,0.5931122449,0.7053571429,0.6658163265,0.6823979592,0.6517857143,0.6836734694,0.6607142857,0.6709183673,0.6619897959,0.6211734694,0.6709183673,0.6556122449,0.6466836735,0.637755102,0.6198979592,0.6084183673,0.7015306122,0.5867346939],"train_accuracies":[0.95,0.875,0.9333333333,0.775,0.72,0.625,0.95,0.71875,0.8666666667,0.865,0.9636363636,0.8958333333,0.9192307692,0.9357142857,0.9533333333,0.809375,0.6735294118,0.9027777778,0.9236842105,0.96,0.969047619,0.9545454545,0.802173913,0.55,0.674,0.7192307692,0.9648148148,0.8696428571,0.9327586207,0.8866666667,0.9161290323,0.89375,0.7333333333,0.6014705882,0.9257142857,0.9097222222,0.9040540541,0.9052631579,0.9012820513,0.93,0.9341463415,0.7821428571,0.8593023256,0.8693181818,0.93,0.8554347826,0.835106383,0.7583333333,0.9102040816,0.905,0.6274509804],"kappa_average_conservative_history":[false,false,false,false,false,false,false,false,false,false,false,false,false,false,false,false,false,false,false,false,false,false,false,false,false,false,false,false,false,false,false,false,false,false,false,false,false,false,false,false,false,false,false,false,false,false,false,false,false,false],"kappa_average_middle_ground_history":[false,false,false,false,false,false,false,false,false,false,false,false,false,false,false,false,false,false,false,false,false,false,false,false,false,false,false,false,false,false,false,false,false,false,false,false,false,false,false,false,false,false,false,false,false,false,false,false,false,false],"kappa_average_aggressive_history":[false,false,false,false,false,false,false,false,false,false,false,false,false,false,false,false,false,false,false,false,false,false,false,false,false,false,false,false,false,false,false,false,false,false,false,false,false,false,false,false,false,false,false,false,false,false,false,false,false,false],"delta_f_score_conservative_history":[false,false,false,false,false,false,false,false,false,false,false,false,false,false,false,false,false,false,false,false,false,false,false,false,false,false,false,false,false,false,false,false,false,false,false,false,false,false,false,false,false,false,false,false,false,false,false,false,false,false],"delta_f_score_middle_ground_history":[false,false,false,false,false,false,false,false,false,false,false,false,false,false,false,false,false,false,false,false,false,false,false,false,false,false,false,false,false,false,false,false,false,false,false,false,false,false,false,false,false,false,false,false,false,false,false,false,false,false],