{"0":{"0":{"iterations":[0,1,2,3,4,5,6,7,8,9,10,11,12,13,14,15,16,17,18,19,20,21,22,23,24,25,26,27,28,29,30,31,32,33,34,35,36,37,38,39,40,41,42,43,44,45,46,47,48,49,50],"test_accuracies":[0.5969387755,0.5344387755,0.5956632653,0.512755102,0.6033163265,0.6173469388,0.5816326531,0.5701530612,0.5778061224,0.5510204082,0.6033163265,0.5484693878,0.5280612245,0.575255102,0.556122449,0.6033163265,0.5663265306,0.5994897959,0.5612244898,0.5357142857,0.5650510204,0.5165816327,0.6071428571,0.5216836735,0.5522959184,0.5803571429,0.5446428571,0.5650510204,0.6173469388,0.5625,0.6020408163,0.6454081633,0.5778061224,0.6887755102,0.6339285714,0.6096938776,0.575255102,0.5701530612,0.5982142857,0.6109693878,0.6492346939,0.6352040816,0.6084183673,0.6441326531,0.6352040816,0.5905612245,0.5994897959,0.6517857143,0.6237244898,0.6913265306,0.6364795918],"train_accuracies":[0.65,0.9,0.65,0.925,0.68,0.8083333333,0.95,0.8875,0.8222222222,0.945,0.7318181818,0.875,0.8615384615,0.8107142857,0.8866666667,0.7375,0.9558823529,0.9111111111,0.9342105263,0.76,0.919047619,0.9227272727,0.9413043478,0.94375,0.948,0.9711538462,0.9111111111,0.9428571429,0.9362068966,0.9766666667,0.9548387097,0.91875,0.9257575758,0.8411764706,0.8885714286,0.9222222222,0.827027027,0.9078947368,0.8948717949,0.82125,0.9146341463,0.9119047619,0.9441860465,0.9590909091,0.89,0.8326086957,0.8680851064,0.9052083333,0.9224489796,0.851,0.9382352941],"kappa_average_conservative_history":[false,false,false,false,false,false,false,false,false,false,false,false,false,false,false,false,false,false,false,false,false,false,false,false,false,false,false,false,false,false,false,false,false,false,false,false,false,false,false,false,false,false,false,false,false,false,false,false,false,false],"kappa_average_middle_ground_history":[false,false,false,false,false,false,false,false,false,false,false,false,false,false,false,false,false,false,false,false,false,false,false,false,false,false,false,false,false,false,false,false,false,false,false,false,false,false,false,false,false,false,false,false,false,false,false,false,false,false],"kappa_average_aggressive_history":[false,false,false,false,false,false,false,false,false,false,false,false,false,false,false,false,false,false,false,false,false,false,false,false,false,false,false,false,false,false,false,false,false,false,false,false,false,false,false,false,false,false,false,false,false,false,false,false,false,false],"delta_f_score_conservative_history":[false,false,false,false,false,false,false,false,false,false,false,false,false,false,false,false,false,false,false,false,false,false,false,false,false,false,false,false,false,false,false,false,false,false,false,false,false,false,false,false,false,false,false,false,false,false,false,false,false,false],"delta_f_score_middle_ground_history":[false,false,false,false,false,false,false,false,false,false,false,false,false,false,false,false,false,false,false,false,false,false,false,false,false,false,false,false,false,false,false,false,false,false,false,false,false,false,false,false,false,false,false,false,false,false,false,false,false,false],"delta_f_score_aggressive_history":[false,false,false,false,false,false,false,false,false,false,false,false,false,false,false,false,false,false,false,false,false,false,false,false,false,false,false,false,false,false,false,false,false,false,false,false,false,false,false,false,false,false,false,false,false,false,false,false,false,false],"classification_change_conservative_history":[false,false,false,false,false,false,false,false,false,false,false,false,false,false,false,false,false,false,false,false,false,false,false,false,false,false,false,false,false,false,false,false,false,false,false,false,false,false,false,false,false,false,false,false,false,false,false,false,false,false],"classification_change_middle_ground_history":[false,false,false,false,false,false,false,false,false,false,false,false,false,false,false,false,false,false,false,false,false,false,false,false,false,false,false,false,false,false,false,false,false,false,false,false,false,false,false,false,false,false,false,false,false,false,false,false,false,false],"classification_change_aggressive_history":[false,false,false,false,false,false,false,false,false,false,false,false,false,false,false,false,false,false,false,false,false,false,false,false,false,false,false,false,false,false,false,false,false,false,false,false,false,false,false,false,false,false,false,false,false,false,false,false,false,false],"samples_count":[20]},"1":"AverageAcrossAugmentedQueryStrategy_BreakingTies()_50_queries_num_samples_20_num_augmentations_5"}}