{"0":{"0":{"iterations":[0,1,2,3,4,5,6,7,8,9,10,11,12,13,14,15,16,17,18,19,20,21,22,23,24,25,26,27,28,29,30,31,32,33,34,35,36,37,38,39,40,41,42,43,44,45,46,47,48,49,50],"test_accuracies":[0.57064,0.55652,0.57484,0.57448,0.5816,0.57528,0.61128,0.53484,0.65324,0.59248,0.64308,0.7442,0.54788,0.65984,0.70344,0.53156,0.55252,0.61976,0.65476,0.67312,0.71328,0.68268,0.69728,0.74224,0.72772,0.71836,0.69732,0.75508,0.74436,0.75428,0.74364,0.7446,0.68636,0.75172,0.71868,0.73256,0.74404,0.76364,0.71548,0.73424,0.71792,0.76448,0.75336,0.76656,0.76044,0.76252,0.75556,0.74024,0.68976,0.75168,0.58948],"train_accuracies":[0.7,0.85,0.8,0.9625,0.9,0.925,0.9571428571,0.7,0.9055555556,0.79,0.9272727273,0.95,0.6384615385,0.925,0.9633333333,0.640625,0.6558823529,0.7416666667,0.9605263158,0.9475,0.930952381,0.9590909091,0.8956521739,0.925,0.946,0.9538461538,0.9722222222,0.9589285714,0.9534482759,0.9433333333,0.9322580645,0.8984375,0.8863636364,0.9661764706,0.9728571429,0.9444444444,0.95,0.9473684211,0.9602564103,0.8975,0.9329268293,0.8595238095,0.9174418605,0.9556818182,0.9455555556,0.9043478261,0.9531914894,0.9291666667,0.7602040816,0.945,0.6637254902],"kappa_average_conservative_history":[false,false,false,false,false,false,false,false,false,false,false,false,false,false,false,false,false,false,false,false,false,false,false,false,false,false,false,false,false,false,false,false,false,false,false,false,false,false,false,false,false,false,false,false,false,false,false,false,false,false],"kappa_average_middle_ground_history":[false,false,false,false,false,false,false,false,false,false,false,false,false,false,false,false,false,false,false,false,false,false,false,false,false,false,false,false,false,false,false,false,false,false,false,false,false,false,false,false,false,false,false,false,false,false,false,false,false,false],"kappa_average_aggressive_history":[false,false,false,false,false,false,false,false,false,false,false,false,false,false,false,false,false,false,false,false,false,false,false,false,false,false,false,false,false,false,false,false,false,false,false,false,false,false,false,false,false,false,false,false,false,false,false,false,false,false],"delta_f_score_conservative_history":[false,false,false,false,false,false,false,false,false,false,false,false,false,false,false,false,false,false,false,false,false,false,false,false,false,false,false,false,false,false,false,false,false,false,false,false,false,false,false,false,false,false,false,false,false,false,false,false,false,false],"delta_f_score_middle_ground_history":[false,false,false,false,false,false,false,false,false,false,false,false,false,false,false,false,false,false,false,false,false,false,false,false,false,false,false,false,false,false,false,false,false,false,false,false,false,false,false,false,false,false,false,false,false,false,false,false,false,false],"delta_f_score_aggressive_history":[false,false,false,false,false,false,false,false,false,false,false,false,false,false,false,false,false,false,false,false,false,false,false,false,false,false,false,false,false,false,false,false,false,false,false,false,false,false,false,false,false,false,false,false,false,false,false,false,false,false],"classification_change_conservative_history":[false,false,false,false,false,false,false,false,false,false,false,false,false,false,false,false,false,false,false,false,false,false,false,false,false,false,false,false,false,false,false,false,false,false,false,false,false,false,false,false,false,false,false,false,false,false,false,false,false,false],"classification_change_middle_ground_history":[false,false,false,false,false,false,false,false,false,false,false,false,false,false,false,false,false,false,false,false,false,false,false,false,false,false,false,false,false,false,false,false,false,false,false,false,false,false,false,false,false,false,false,false,false,false,false,false,false,false],"classification_change_aggressive_history":[false,false,false,false,false,false,false,false,false,false,false,false,false,false,false,false,false,false,false,false,false,false,false,false,false,false,false,false,false,false,false,false,false,false,false,false,false,false,false,false,false,false,false,false,false,false,false,false,false,false],"samples_count":[20]},"1":"AugmentedSearchSpaceExtensionQueryStrategy_BreakingTies()_50_queries_num_samples_20_num_augmentations_5"},"1":{"0":{"iterations":[0,1,2,3,4,5,6,7,8,9,10,11,12,13,14,15,16,17,18,19,20,21,22,23,24,25,26,27,28,29,30,31,32,33,34,35,36,37,38,39,40,41,42,43,44,45,46,47,48,49,50],"test_accuracies":[0.52476,0.54468,0.49856,0.61544,0.5258,0.61092,0.54476,0.59436,0.51984,0.62356,0.65836,0.6176,0.67392,0.71468,0.6724,0.70648,0.59932,0.75556,0.74132,0.72712,0.7584,0.75944,0.558,0.76204,0.68236,0.75548,0.71268,0.73956,0.76632,0.75688,0.76696,0.74684,0.72904,0.75036,0.76188,0.7316,0.7482,0.65776,0.77176,0.75112,0.76476,0.7204,0.73924,0.76768,0.76928,0.7284,0.74584,0.76272,0.74728,0.7664,0.76248],"train_accuracies":[1.0,0.925,0.5666666667,0.95,0.75,0.9416666667,0.8071428571,0.925,0.6,0.955,0.9681818182,0.8791666667,0.9307692308,0.9678571429,0.95,0.959375,0.8088235294,0.9694444444,0.9605263158,0.9525,0.9571428571,0.9727272727,0.6782608696,0.9791666667,0.85,0.9480769231,0.9222222222,0.9553571429,0.9137931034,0.9516666667,0.9419354839,0.94375,0.9560606061,0.9617647059,0.9528571429,0.875,0.9621621622,0.6815789474,0.9320512821,0.92,0.9414634146,0.9285714286,0.9127906977,0.9409090909,0.9544444444,0.8510869565,0.8946808511,0.9104166667,0.8846938776,0.96,0.8725490196],"kappa_average_conservative_history":[false,false,false,false,false,false,false,false,false,false,false,false,false,false,false,false,false,false,false,false,false,false,false,false,false,false,false,false,false,false,false,false,false,false,false,false,false,false,false,false,false,false,false,false,false,false,false,false,false,false],"kappa_average_middle_ground_history":[false,false,false,false,false,false,false,false,false,false,false,false,false,false,false,false,false,false,false,false,false,false,false,false,false,false,false,false,false,false,false,false,false,false,false,false,false,false,false,false,false,false,false,false,false,false,false,false,false,false],"kappa_average_aggressive_history":[false,false,false,false,false,false,false,false,false,false,false,false,false,false,false,false,false,false,false,false,false,false,false,false,false,false,false,false,false,false,false,false,false,false,false,false,false,false,false,false,false,false,false,false,false,false,false,false,false,false],"delta_f_score_conservative_history":[false,false,false,false,false,false,false,false,false,false,false,false,false,false,false,false,false,false,false,false,false,false,false,false,false,false,false,false,false,false,false,false,false,false,false,false,false,false,false,false,false,false,false,false,false,false,false,false,false,false],"delta_f_score_middle_ground_history":[false,false,false,false,false,false,false,false,false,false,false,false,false,false,false,false,false,false,false,false,false,false,false,false,false,false,false,false,false,false,false,false,false,false,false,false,false,false,false,false,false,false,false,false,false,false,false,false,false,false],"delta_f_score_aggressive_history":[false,false,false,false,false,false,false,false,false,false,false,false,false,false,false,false,false,false,false,false,false,false,false,false,false,false,false,false,false,false,false,false,false,false,false,false,false,false,false,false,false,false,false,false,false,false,false,false,false,false],"classification_change_conservative_history":[false,false,false,false,false,false,false,false,false,false,false,false,false,false,false,false,false,false,false,false,false,false,false,false,false,false,false,false,false,false,false,false,false,false,false,false,false,false,false,false,false,false,false,false,false,false,false,false,false,false],