{"0":{"0":{"iterations":[0,1,2,3,4,5,6,7,8,9,10,11,12,13,14,15,16,17,18,19,20,21,22,23,24,25,26,27,28,29,30,31,32,33,34,35,36,37,38,39,40,41,42,43,44,45,46,47,48,49,50],"test_accuracies":[0.5402,0.54332,0.60256,0.65284,0.67008,0.70192,0.7122,0.73144,0.72736,0.739,0.74832,0.70416,0.73756,0.72092,0.75656,0.75612,0.73408,0.74604,0.76012,0.7706,0.74528,0.76392,0.74876,0.7622,0.72676,0.75504,0.77072,0.76276,0.7822,0.77256,0.77528,0.76136,0.77088,0.75396,0.77204,0.78476,0.76972,0.77972,0.75564,0.77924,0.76456,0.7792,0.76124,0.76296,0.78396,0.7674,0.77668,0.7804,0.77392,0.75088,0.77728],"train_accuracies":[0.95,0.9714285714,1.0,0.9973684211,0.998,0.9935483871,1.0,1.0,0.9969387755,0.9981818182,0.9967213115,0.9925373134,0.9993150685,0.9993670886,0.9994117647,0.9983516484,0.9984536082,0.995631068,0.9963302752,0.997826087,0.9987603306,0.9988188976,0.9969924812,0.9971223022,0.9951724138,0.9986754967,0.9984076433,0.9987730061,0.9973372781,0.9977142857,0.9955801105,0.9983957219,0.9994818653,0.9954773869,0.9968292683,0.995971564,0.9988479263,0.9993273543,0.9962882096,0.9991489362,0.9991701245,0.998582996,0.9956521739,0.9961389961,0.9988679245,0.9935424354,0.9967509025,0.9973498233,0.9982698962,0.9972881356,0.9978405316],"kappa_average_conservative_history":[false,false,false,false,false,false,false,false,false,false,false,false,false,false,false,false,false,false,false,false,false,false,false,false,false,false,false,false,false,false,false,false,false,false,false,false,false,false,false,false,false,false,false,false,false,false,false,false,false,false],"kappa_average_middle_ground_history":[false,false,false,false,false,false,false,false,false,false,false,false,false,false,false,false,false,false,false,false,false,false,false,false,false,false,false,false,false,false,false,false,false,false,false,false,false,false,false,false,false,false,false,false,false,false,false,false,false,false],"kappa_average_aggressive_history":[false,false,false,false,false,false,false,false,false,false,false,false,false,false,false,false,false,false,false,false,false,false,false,false,false,false,false,false,false,false,false,false,false,false,false,false,false,false,false,false,false,false,false,false,false,false,false,false,false,false],"delta_f_score_conservative_history":[false,false,false,false,false,false,false,false,false,false,false,false,false,false,false,false,false,false,false,false,false,false,false,false,false,false,false,false,false,false,false,false,false,false,false,false,false,false,false,false,false,false,false,false,false,false,false,false,false,false],"delta_f_score_middle_ground_history":[false,false,false,false,false,false,false,false,false,false,false,false,false,false,false,false,false,false,false,false,false,false,false,false,false,false,false,false,false,false,false,false,false,false,false,false,false,false,false,false,false,false,false,false,false,false,false,false,false,false],"delta_f_score_aggressive_history":[false,false,false,false,false,false,false,false,false,false,false,false,false,false,false,false,false,false,false,false,false,false,false,false,false,false,false,false,false,false,false,false,false,false,false,false,false,false,false,false,false,false,false,false,false,false,false,false,false,false],"classification_change_conservative_history":[false,false,false,false,false,false,false,false,false,false,false,false,false,false,false,false,false,false,false,false,false,false,false,false,false,false,false,false,false,false,false,false,false,false,false,false,false,false,false,false,false,false,false,false,false,false,false,false,false,false],"classification_change_middle_ground_history":[false,false,false,false,false,false,false,false,false,false,false,false,false,false,false,false,false,false,false,false,false,false,false,false,false,false,false,false,false,false,false,false,false,false,false,false,false,false,false,false,false,false,false,false,false,false,false,false,false,false],"classification_change_aggressive_history":[false,false,false,false,false,false,false,false,false,false,false,false,false,false,false,false,false,false,false,false,false,false,false,false,false,false,false,false,false,false,false,false,false,false,false,false,false,false,false,false,false,false,false,false,false,false,false,false,false,false],"samples_count":[20]},"1":"AugmentedOutcomesQueryStrategy_BreakingTies()_50_queries_num_samples_20_num_augmentations_5"}}