{"0":{"0":{"iterations":[0,1,2,3,4,5,6,7,8,9,10,11,12,13,14,15,16,17,18,19,20,21,22,23,24,25,26,27,28,29,30,31,32,33,34,35,36,37,38,39,40,41,42,43,44,45,46,47,48,49,50],"test_accuracies":[0.5402,0.54332,0.60256,0.65284,0.67008,0.70192,0.7122,0.73144,0.72736,0.739,0.74832,0.70416,0.73756,0.72092,0.75656,0.75612,0.73408,0.74604,0.76012,0.7706,0.74528,0.76392,0.74876,0.7622,0.72676,0.75504,0.77072,0.76276,0.7822,0.77256,0.77528,0.76136,0.77088,0.75396,0.77204,0.78476,0.76972,0.77972,0.75564,0.77924,0.76456,0.7792,0.76124,0.76296,0.78396,0.7674,0.77668,0.7804,0.77392,0.75088,0.77728],"train_accuracies":[0.95,0.9714285714,1.0,0.9973684211,0.998,0.9935483871,1.0,1.0,0.9969387755,0.9981818182,0.9967213115,0.9925373134,0.9993150685,0.9993670886,0.9994117647,0.9983516484,0.9984536082,0.995631068,0.9963302752,0.997826087,0.9987603306,0.9988188976,0.9969924812,0.9971223022,0.9951724138,0.9986754967,0.9984076433,0.9987730061,0.9973372781,0.9977142857,0.9955801105,0.9983957219,0.9994818653,0.9954773869,0.9968292683,0.995971564,0.9988479263,0.9993273543,0.9962882096,0.9991489362,0.9991701245,0.998582996,0.9956521739,0.9961389961,0.9988679245,0.9935424354,0.9967509025,0.9973498233,0.9982698962,0.9972881356,0.9978405316],"kappa_average_conservative_history":[false,false,false,false,false,false,false,false,false,false,false,false,false,false,false,false,false,false,false,false,false,false,false,false,false,false,false,false,false,false,false,false,false,false,false,false,false,false,false,false,false,false,false,false,false,false,false,false,false,false],"kappa_average_middle_ground_history":[false,false,false,false,false,false,false,false,false,false,false,false,false,false,false,false,false,false,false,false,false,false,false,false,false,false,false,false,false,false,false,false,false,false,false,false,false,false,false,false,false,false,false,false,false,false,false,false,false,false],"kappa_average_aggressive_history":[false,false,false,false,false,false,false,false,false,false,false,false,false,false,false,false,false,false,false,false,false,false,false,false,false,false,false,false,false,false,false,false,false,false,false,false,false,false,false,false,false,false,false,false,false,false,false,false,false,false],"delta_f_score_conservative_history":[false,false,false,false,false,false,false,false,false,false,false,false,false,false,false,false,false,false,false,false,false,false,false,false,false,false,false,false,false,false,false,false,false,false,false,false,false,false,false,false,false,false,false,false,false,false,false,false,false,false],"delta_f_score_middle_ground_history":[false,false,false,false,false,false,false,false,false,false,false,false,false,false,false,false,false,false,false,false,false,false,false,false,false,false,false,false,false,false,false,false,false,false,false,false,false,false,false,false,false,false,false,false,false,false,false,false,false,false],"delta_f_score_aggressive_history":[false,false,false,false,false,false,false,false,false,false,false,false,false,false,false,false,false,false,false,false,false,false,false,false,false,false,false,false,false,false,false,false,false,false,false,false,false,false,false,false,false,false,false,false,false,false,false,false,false,false],"classification_change_conservative_history":[false,false,false,false,false,false,false,false,false,false,false,false,false,false,false,false,false,false,false,false,false,false,false,false,false,false,false,false,false,false,false,false,false,false,false,false,false,false,false,false,false,false,false,false,false,false,false,false,false,false],"classification_change_middle_ground_history":[false,false,false,false,false,false,false,false,false,false,false,false,false,false,false,false,false,false,false,false,false,false,false,false,false,false,false,false,false,false,false,false,false,false,false,false,false,false,false,false,false,false,false,false,false,false,false,false,false,false],"classification_change_aggressive_history":[false,false,false,false,false,false,false,false,false,false,false,false,false,false,false,false,false,false,false,false,false,false,false,false,false,false,false,false,false,false,false,false,false,false,false,false,false,false,false,false,false,false,false,false,false,false,false,false,false,false],"samples_count":[20]},"1":"AugmentedOutcomesQueryStrategy_BreakingTies()_50_queries_num_samples_20_num_augmentations_5"},"1":{"0":{"iterations":[0,1,2,3,4,5,6,7,8,9,10,11,12,13,14,15,16,17,18,19,20,21,22,23,24,25,26,27,28,29,30,31,32,33,34,35,36,37,38,39,40,41,42,43,44,45,46,47,48,49,50],"test_accuracies":[0.505,0.55528,0.564,0.59788,0.63568,0.64844,0.6598,0.68396,0.67736,0.68364,0.6958,0.72224,0.7114,0.7278,0.71728,0.71728,0.70768,0.75224,0.7532,0.74432,0.7638,0.74652,0.722,0.76548,0.76124,0.75904,0.7702,0.77452,0.76,0.76952,0.75216,0.76476,0.76952,0.77736,0.77176,0.77868,0.76664,0.758,0.7812,0.76712,0.77408,0.7768,0.77024,0.77404,0.77592,0.76448,0.77344,0.76564,0.78144,0.763,0.77676],"train_accuracies":[0.65,0.9928571429,0.9923076923,0.9815789474,0.998,0.9983870968,0.9972972973,0.9976744186,1.0,0.9981818182,0.9991803279,1.0,0.9965753425,0.9981012658,0.9976470588,0.9934065934,0.9989690722,0.9975728155,0.997706422,0.9982608696,0.9987603306,0.9976377953,0.9958646617,0.9985611511,0.9989655172,0.9976821192,0.9987261146,0.9987730061,0.9982248521,0.9968571429,0.9966850829,0.9970588235,0.9950777202,0.9964824121,0.9985365854,0.9981042654,0.9979262673,0.9964125561,0.9991266376,0.9989361702,0.9979253112,0.9969635628,0.9982213439,0.9967181467,0.998490566,0.9942804428,0.9974729242,0.9955830389,0.9975778547,0.9944067797,0.9970099668],"kappa_average_conservative_history":[false,false,false,false,false,false,false,false,false,false,false,false,false,false,false,false,false,false,false,false,false,false,false,false,false,false,false,false,false,false,false,false,false,false,false,false,false,false,false,false,false,false,false,false,false,false,false,false,false,false],"kappa_average_middle_ground_history":[false,false,false,false,false,false,false,false,false,false,false,false,false,false,false,false,false,false,false,false,false,false,false,false,false,false,false,false,false,false,false,false,false,false,false,false,false,false,false,false,false,false,false,false,false,false,false,false,false,false],"kappa_average_aggressive_history":[false,false,false,false,false,false,false,false,false,false,false,false,false,false,false,false,false,false,false,false,false,false,false,false,false,false,false,false,false,false,false,false,false,false,false,false,false,false,false,false,false,false,false,false,false,false,false,false,false,false],"delta_f_score_conservative_history":[false,false,false,false,false,false,false,false,false,false,false,false,false,false,false,false,false,false,false,false,false,false,false,false,false,false,false,false,false,false,false,false,false,false,false,false,false,false,false,false,false,false,false,false,false,false,false,false,false,false],"delta_f_score_middle_ground_history":[false,false,false,false,false,false,false,false,false,false,false,false,false,false,false,false,false,false,false,false,false,false,false,false,false,false,false,false,false,false,false,false,false,false,false,false,false,false,false,false,false,false,false,false,false,false,false,false,false,false],"delta_f_score_aggressive_history":[false,false,false,false,false,false,false,false,false,false,false,false,false,false,false,false,false,false,false,false,false,false,false,false,false,false,false,false,false,false,false,false,false,false,false,false,false,false,false,false,false,false,false,false,false,false,false,false,false,false],