{"0":{"0":{"iterations":[0,1,2,3,4,5,6,7,8,9,10,11,12,13,14,15,16,17,18,19,20,21,22,23,24,25,26,27,28,29,30,31,32,33,34,35,36,37,38,39,40,41,42,43,44,45,46,47,48,49,50],"test_accuracies":[0.5112570356,0.595684803,0.607879925,0.6125703565,0.6444652908,0.5131332083,0.6632270169,0.7166979362,0.7410881801,0.7673545966,0.7467166979,0.5994371482,0.8142589118,0.7767354597,0.8048780488,0.7889305816,0.5009380863,0.8039399625,0.7448405253,0.7908067542,0.8048780488,0.808630394,0.8114446529,0.8142589118,0.8020637899,0.7542213884,0.8142589118,0.8123827392,0.7889305816,0.8161350844,0.7973733583,0.8170731707,0.8076923077,0.818011257,0.8217636023,0.818011257,0.8189493433,0.8151969981,0.8189493433,0.8067542214,0.7983114447,0.818011257,0.8330206379,0.8283302064,0.8264540338,0.8405253283,0.8283302064,0.7176360225,0.7842401501,0.8142589118,0.8067542214],"train_accuracies":[0.7,0.95,0.9166666667,0.9625,0.98,0.6416666667,0.95,0.95625,0.9833333333,0.98,0.9727272727,0.6791666667,0.9769230769,0.9642857143,0.9733333333,0.9625,0.4558823529,0.9833333333,0.9736842105,0.9825,0.9619047619,0.9840909091,0.9108695652,0.975,0.976,0.9230769231,0.9740740741,0.9517857143,0.9620689655,0.9433333333,0.9709677419,0.94375,0.9712121212,0.9470588235,0.9828571429,0.8763888889,0.9567567568,0.9671052632,0.9141025641,0.88875,0.9609756098,0.9571428571,0.9511627907,0.9715909091,0.9566666667,0.947826087,0.9606382979,0.8114583333,0.8591836735,0.929,0.8617647059],"stopping_history":[false,false,false,false,false,false,false,false,false,false,false,false,false,false,false,false,false,false,false,false,false,false,false,false,true,false,false,false,false,false,false,false,true,true,true,true,true,true,true,true,false,true,true,true,true,true,true,false,false,false,false]},"1":"AugmentedSearchSpaceExtensionQueryStrategy_BreakingTies()_50_queries_num_samples_20_num_augmentations_5"},"1":{"0":{"iterations":[0,1,2,3,4,5,6,7,8,9,10,11,12,13,14,15,16,17,18,19,20,21,22,23,24,25,26,27,28,29,30,31,32,33,34,35,36,37,38,39,40,41,42,43,44,45,46,47,48,49,50],"test_accuracies":[0.5281425891,0.5009380863,0.6238273921,0.6679174484,0.6754221388,0.6744840525,0.5225140713,0.7363977486,0.6969981238,0.7786116323,0.6979362101,0.7851782364,0.7729831144,0.6585365854,0.7711069418,0.7823639775,0.7542213884,0.8020637899,0.7739212008,0.8114446529,0.8048780488,0.808630394,0.8076923077,0.8076923077,0.8133208255,0.8208255159,0.8227016886,0.8020637899,0.8020637899,0.799249531,0.7908067542,0.8039399625,0.8058161351,0.8245778612,0.8011257036,0.8076923077,0.8048780488,0.8151969981,0.8208255159,0.8217636023,0.8208255159,0.8161350844,0.8058161351,0.8058161351,0.8283302064,0.8114446529,0.8255159475,0.8348968105,0.8227016886,0.8020637899,0.818011257],"train_accuracies":[1.0,0.625,0.95,0.9625,0.91,0.9333333333,0.6071428571,0.95625,0.9611111111,0.975,0.8954545455,0.9833333333,0.9653846154,0.8035714286,0.9333333333,0.93125,0.9411764706,0.9694444444,0.9736842105,0.965,0.9023809524,0.9659090909,0.9652173913,0.9729166667,0.974,0.9653846154,0.9740740741,0.9285714286,0.9793103448,0.9733333333,0.8629032258,0.921875,0.9712121212,0.9602941176,0.8714285714,0.9736111111,0.9783783784,0.925,0.9166666667,0.93625,0.9646341463,0.95,0.9313953488,0.9647727273,0.9677777778,0.9510869565,0.970212766,0.965625,0.9510204082,0.811,0.9549019608],"stopping_history":[false,false,false,false,false,false,false,false,false,false,false,false,false,false,false,false,false,false,false,false,false,false,true,true,true,true,true,true,true,false,false,false,false,false,false,false,false,true,true,true,true,true,true,true,false,true,true,true,true,true,true]},"1":"AugmentedSearchSpaceExtensionQueryStrategy_BreakingTies()_50_queries_num_samples_20_num_augmentations_5"},"2":{"0":{"iterations":[0,1,2,3,4,5,6,7,8,9,10,11,12,13,14,15,16,17,18,19,20,21,22,23,24,25,26,27,28,29,30,31,32,33,34,35,36,37,38,39,40,41,42,43,44,45,46,47,48,49,50],"test_accuracies":[0.5872420263,0.5797373358,0.5150093809,0.6088180113,0.5450281426,0.6116322702,0.7795497186,0.7617260788,0.7532833021,0.7410881801,0.7420262664,0.7842401501,0.722326454,0.7579737336,0.7795497186,0.7898686679,0.799249531,0.8189493433,0.7926829268,0.8001876173,0.799249531,0.8151969981,0.7861163227,0.787054409,0.8067542214,0.808630394,0.8058161351,0.8142589118,0.8161350844,0.8161350844,0.8264540338,0.8339587242,0.8011257036,0.5919324578,0.8367729831,0.830206379,0.8358348968,0.8236397749,0.8076923077,0.5872420263,0.8208255159,0.8405253283,0.8348968105,0.8076923077,0.8292682927,0.799249531,0.8245778612,0.8151969981,0.8161350844,0.799249531,0.8292682927],"train_accuracies":[0.95,0.975,0.6333333333,0.9125,0.74,0.9333333333,0.9785714286,0.9625,0.9611111111,0.925,0.9636363636,0.975,0.9538461538,0.9464285714,0.9733333333,0.9625,0.9088235294,0.975,0.9842105263,0.9725,0.9619047619,0.9772727273,0.9717391304,0.975,0.972,0.9730769231,0.9462962963,0.9642857143,0.9706896552,0.945,0.9629032258,0.9546875,0.9681818182,0.6558823529,0.97,0.9513888889,0.9716216216,0.9578947368,0.9243589744,0.6625,0.9292682927,0.9666666667,0.9593023256,0.9420454545,0.9533333333,0.9380434783,0.929787234,0.9729166667,0.9683673469,0.937,0.9666666667],"stopping_history":[false,false,false,false,false,false,false,false,false,false,false,false,false,false,false,false,false,false,false,false,false,false,false,false,false,false,false,false,false,true,true,true,true,false,false,false,false,true,true,false,false,false,false,true,true,true,true,true,true,true,true]},"1":"AugmentedSearchSpaceExtensionQueryStrategy_BreakingTies()_50_queries_num_samples_20_num_augmentations_5"},"3":{"0":{"iterations":[0,1,2,3,4,5,6,7,8,9,10,11,12,13,14,15,16,17,18,19,20,21,22,23,24,25,26,27,28,29,30,31,32,33,34,35,36,37,38,39,40,41,42,43,44,45,46,47,48,49,50],"test_accuracies":[0.4887429644,0.5656660413,0.6397748593,0.6557223265,0.7317073171,0.7120075047,0.7673545966,0.7485928705,0.7701688555,0.808630394,0.7973733583,0.7607879925,0.8048780488,0.7786116323,0.7833020638,0.8095684803,0.787054409,0.7861163227,0.7936210131,0.8133208255,0.8133208255,0.818011257,0.8217636023,0.8095684803,0.8217636023,0.7326454034,0.8245778612,0.8114446529,0.8273921201,0.8264540338,0.7983114447,0.8227016886,0.8142589118,0.808630394,0.7607879925,0.6416510319,0.8283302064,0.8076923077,0.830206379,0.8161350844,0.8330206379,0.8198874296,0.7786116323,0.8236397749,0.808630394,0.8105065666,0.830206379,0.8320825516,0.8311444653,0.8227016886,0.8283302064],"train_accuracies":[0.85,0.8,0.9666666667,0.9625,0.97,0.975,0.9714285714,0.96875,0.9722222222,0.98,0.9772727273,0.9791666667,0.9807692308,0.975,0.97,0.96875,0.9676470588,0.9722222222,0.9710526316,0.9725,0.9238095238,0.9522727273,0.9804347826,0.9729166667,0.978,0.8961538462,0.9833333333,0.9571428571,0.9793103448,0.9666666667,0.9548387097,0.9703125,0.9424242424,0.9852941176,0.9657142857,0.6458333333,0.972972973,0.9473684211,0.9653846154,0.9325,0.9573170732,0.9654761905,0.8406976744,0.95,0.9455555556,0.9619565217,0.9404255319,0.9322916667,0.9530612245,0.938,0.9137254902],"stopping_history":[false,false,false,false,false,false,false,false,false,false,false,false,false,false,false,false,false,false,false,false,false,false,false,false,false,false,false,false,false,true,true,true,true,true,true,false,false,false,false,true,true,true,true,false,false,false,false,false,true,true,true]},"1":"AugmentedSearchSpaceExtensionQueryStrategy_BreakingTies()_50_queries_num_samples_20_num_augmentations_5"},"4":{"0":{"iterations":[0,1,2,3,4,5,6,7,8,9,10,11,12,13,14,15,16,17,18,19,20,21,22,23,24,25,26,27,28,29,30,31,32,33,34,35,36,37,38,39,40,41,42,43,44,45,46,47,48,49,50],