{"0":{"0":{"iterations":[0,1,2,3,4,5,6,7,8,9,10,11,12,13,14,15,16,17,18,19,20,21,22,23,24,25,26,27,28,29,30,31,32,33,34,35,36,37,38,39,40,41,42,43,44,45,46,47,48,49,50],"test_accuracies":[0.5,0.6369606004,0.521575985,0.7054409006,0.521575985,0.7429643527,0.7861163227,0.7195121951,0.7382739212,0.7532833021,0.7739212008,0.7711069418,0.7739212008,0.7711069418,0.808630394,0.787054409,0.7926829268,0.7636022514,0.808630394,0.799249531,0.796435272,0.8142589118,0.818011257,0.8208255159,0.8133208255,0.8133208255,0.8292682927,0.8142589118,0.8208255159,0.8189493433,0.8039399625,0.8292682927,0.8217636023,0.8273921201,0.8198874296,0.8208255159,0.8161350844,0.7908067542,0.8076923077,0.8236397749,0.8076923077,0.8170731707,0.8011257036,0.8161350844,0.8273921201,0.8161350844,0.818011257,0.8255159475,0.8151969981,0.8095684803,0.8151969981],"train_accuracies":[0.5,0.95,0.85,0.975,0.67,0.975,0.9428571429,0.96875,0.9611111111,0.98,0.9727272727,0.9708333333,0.9846153846,0.975,0.99,0.98125,0.9705882353,0.9444444444,0.9894736842,0.9675,0.9785714286,0.9681818182,0.9717391304,0.9833333333,0.984,0.9826923077,0.9888888889,0.9803571429,0.9637931034,0.9833333333,0.9758064516,0.975,0.9742424242,0.9602941176,0.9757142857,0.9708333333,0.9743243243,0.9697368421,0.9666666667,0.97125,0.9804878049,0.9857142857,0.9697674419,0.9465909091,0.9311111111,0.947826087,0.9808510638,0.9072916667,0.9785714286,0.947,0.9647058824],"stopping_history":[false,false,false,false,false,false,false,false,false,false,false,false,false,false,false,false,false,false,false,false,false,false,true,true,true,true,true,true,true,true,true,true,true,true,true,true,true,true,true,true,true,true,true,true,true,true,true,true,true,true,true]},"1":"RandomSampling_BreakingTies()_50_queries_num_samples_20_num_augmentations_5"},"1":{"0":{"iterations":[0,1,2,3,4,5,6,7,8,9,10,11,12,13,14,15,16,17,18,19,20,21,22,23,24,25,26,27,28,29,30,31,32,33,34,35,36,37,38,39,40,41,42,43,44,45,46,47,48,49,50],"test_accuracies":[0.4990619137,0.5,0.5018761726,0.669793621,0.6932457786,0.6885553471,0.5356472795,0.7757973734,0.7636022514,0.7729831144,0.7973733583,0.799249531,0.8058161351,0.7814258912,0.7936210131,0.8020637899,0.7392120075,0.7795497186,0.8048780488,0.8095684803,0.7926829268,0.8095684803,0.8105065666,0.796435272,0.7879924953,0.808630394,0.7936210131,0.8048780488,0.8058161351,0.8198874296,0.8133208255,0.8170731707,0.818011257,0.8236397749,0.8236397749,0.8198874296,0.8151969981,0.8058161351,0.8105065666,0.8283302064,0.8189493433,0.8039399625,0.8236397749,0.8011257036,0.8114446529,0.8030018762,0.8076923077,0.8236397749,0.8161350844,0.8227016886,0.8198874296],"train_accuracies":[0.5,0.65,0.6833333333,0.975,0.96,0.975,0.65,0.9625,0.9944444444,0.98,0.9818181818,0.9791666667,0.9807692308,0.9857142857,0.98,0.96875,0.8852941176,0.9555555556,0.9789473684,0.985,0.969047619,0.9818181818,0.9760869565,0.9520833333,0.952,0.9692307692,0.9592592593,0.9767857143,0.975862069,0.9733333333,0.9370967742,0.9359375,0.95,0.9647058824,0.9814285714,0.9763888889,0.977027027,0.9710526316,0.9602564103,0.96125,0.9829268293,0.9547619048,0.9720930233,0.9159090909,0.9277777778,0.9586956522,0.9510638298,0.95,0.9663265306,0.906,0.962745098],"stopping_history":[false,false,false,false,false,false,false,false,false,false,false,false,false,false,false,false,false,false,false,false,true,true,false,false,false,false,true,true,true,true,true,true,true,true,true,true,true,true,true,true,true,true,true,true,true,false,false,false,true,true,true]},"1":"RandomSampling_BreakingTies()_50_queries_num_samples_20_num_augmentations_5"},"2":{"0":{"iterations":[0,1,2,3,4,5,6,7,8,9,10,11,12,13,14,15,16,17,18,19,20,21,22,23,24,25,26,27,28,29,30,31,32,33,34,35,36,37,38,39,40,41,42,43,44,45,46,47,48,49,50],"test_accuracies":[0.509380863,0.595684803,0.6772983114,0.669793621,0.7279549719,0.691369606,0.6763602251,0.7288930582,0.7720450281,0.7823639775,0.787054409,0.8067542214,0.7936210131,0.7757973734,0.8105065666,0.8133208255,0.7945590994,0.7851782364,0.8039399625,0.8198874296,0.8217636023,0.8189493433,0.8114446529,0.8039399625,0.8142589118,0.7936210131,0.8330206379,0.830206379,0.8123827392,0.8142589118,0.8311444653,0.8170731707,0.818011257,0.8245778612,0.8217636023,0.8114446529,0.799249531,0.8067542214,0.8142589118,0.8076923077,0.8189493433,0.8236397749,0.8255159475,0.8170731707,0.8151969981,0.8264540338,0.8227016886,0.8020637899,0.8198874296,0.8142589118,0.8142589118],"train_accuracies":[0.65,0.95,0.9833333333,0.9875,0.96,0.9583333333,0.9642857143,0.975,0.9888888889,0.98,0.9772727273,0.9958333333,0.9846153846,0.9714285714,0.97,0.990625,0.9676470588,0.975,0.9684210526,0.965,0.9904761905,0.975,0.9782608696,0.98125,0.964,0.9615384615,0.9666666667,0.9875,0.9603448276,0.98,0.9725806452,0.9390625,0.9666666667,0.9808823529,0.97,0.9638888889,0.9054054054,0.9210526316,0.9602564103,0.92125,0.9646341463,0.9761904762,0.9186046512,0.9590909091,0.9322222222,0.9684782609,0.9542553191,0.9,0.9642857143,0.923,0.95],"stopping_history":[false,false,false,false,false,false,false,false,false,false,false,true,true,true,false,false,false,false,false,false,true,true,true,true,false,false,false,false,true,true,true,true,true,true,true,true,true,false,false,false,true,true,true,true,true,true,true,true,true,true,true]},"1":"RandomSampling_BreakingTies()_50_queries_num_samples_20_num_augmentations_5"},"3":{"0":{"iterations":[0,1,2,3,4,5,6,7,8,9,10,11,12,13,14,15,16,17,18,19,20,21,22,23,24,25,26,27,28,29,30,31,32,33,34,35,36,37,38,39,40,41,42,43,44,45,46,47,48,49,50],"test_accuracies":[0.5872420263,0.6257035647,0.5168855535,0.6322701689,0.6369606004,0.6529080675,0.660412758,0.6979362101,0.712945591,0.7392120075,0.7598499062,0.7936210131,0.8095684803,0.7889305816,0.7804878049,0.7833020638,0.796435272,0.7926829268,0.8001876173,0.7973733583,0.8048780488,0.8142589118,0.8161350844,0.8001876173,0.7983114447,0.808630394,0.8076923077,0.8264540338,0.8142589118,0.8123827392,0.8311444653,0.8095684803,0.7983114447,0.8011257036,0.8236397749,0.8217636023,0.8245778612,0.8283302064,0.8133208255,0.8170731707,0.8405253283,0.8255159475,0.787054409,0.8255159475,0.8236397749,0.8339587242,0.8198874296,0.8255159475,0.8283302064,0.8217636023,0.8367729831],"train_accuracies":[0.95,0.975,0.7666666667,0.9625,0.94,0.95,0.9642857143,0.96875,0.9888888889,0.98,0.9681818182,0.9875,0.9846153846,0.9857142857,0.9833333333,0.978125,0.9852941176,0.975,0.9842105263,0.9775,0.9785714286,0.9590909091,0.9869565217,0.9708333333,0.978,0.9576923077,0.9722222222,0.95,0.9931034483,0.965,0.9564516129,0.9484375,0.9878787879,0.9661764706,0.9485714286,0.9569444444,0.9824324324,0.9605263158,0.9551282051,0.9875,0.9426829268,0.9547619048,0.9534883721,0.9465909091,0.9577777778,0.947826087,0.9808510638,0.9697916667,0.9142857143,0.945,0.9509803922],"stopping_history":[false,false,false,false,false,false,false,false,false,false,false,false,false,false,false,false,false,false,true,true,true,true,true,true,true,false,false,false,true,true,true,true,true,true,true,false,true,true,true,true,true,true,true,false,false,false,true,true,true,true,true]},"1":"RandomSampling_BreakingTies()_50_queries_num_samples_20_num_augmentations_5"},"4":{"0":{"iterations":[0,1,2,3,4,5,6,7,8,9,10,11,12,13,14,15,16,17,18,19,20,21,22,23,24,25,26,27,28,29,30,31,32,33,34,35,36,37,38,39,40,41,42,43,44,45,46,47,48,49,50],"test_accuracies":[0.5994371482,0.564727955,0.5,0.552532833,0.6116322702,0.6228893058,0.6491557223,0.6941838649,0.7495309568,0.7551594747,0.6894934334,0.8030018762,0.8011257036,0.777673546,0.7983114447,0.8095684803,0.8039399625,0.7983114447,0.799249531,0.8114446529,0.7973733583,0.7926829268,0.8030018762,0.7954971857,0.8011257036,0.7861163227,0.7926829268,0.8170731707,0.8076923077,0.796435272,0.8105065666,0.7917448405,0.8067542214,0.8189493433,0.8058161351,0.8067542214,0.8151969981,0.8142589118,0.8283302064,0.8208255159,0.8001876173,0.818011257,0.8330206379,0.8133208255,0.8311444653,0.8105065666,0.8273921201,0.8198874296,0.8273921201,0.8123827392,0.8292682927],