{"0":{"0":{"iterations":[0,1,2,3,4,5,6,7,8,9,10,11,12,13,14,15,16,17,18,19,20,21,22,23,24,25,26,27,28,29,30,31,32,33,34,35,36,37,38,39,40,41,42,43,44,45,46,47,48,49,50],"test_accuracies":[0.5187617261,0.660412758,0.5844277674],"train_accuracies":[0.8,0.95,0.7666666667],"stopping_history":[false,false,false],"samples_count":[20,40,60]},"1":"RandomSampling_BreakingTies()_50_queries_num_samples_20_num_augmentations_5"},"1":{"0":{"iterations":[0,1,2,3,4,5,6,7,8,9,10,11,12,13,14,15,16,17,18,19,20,21,22,23,24,25,26,27,28,29,30,31,32,33,34,35,36,37,38,39,40,41,42,43,44,45,46,47,48,49,50],"test_accuracies":[0.5,0.5281425891,0.5572232645],"train_accuracies":[0.75,0.85,0.95],"stopping_history":[false,false,false],"samples_count":[20,40,60]},"1":"RandomSampling_BreakingTies()_50_queries_num_samples_20_num_augmentations_5"}}